key,kind,eventStableId,choiceStableId,sourceRow,text,previewOrResultHint,background,notes
EVT_F01_JAR_ROOM_BODY,body,EVT_F01_JAR_ROOM,,2,"항아리들이 잔뜩 있는 방이다. 항아리들 마다 신기한 냄새가 난다.
어떤 항아리를 열어볼까?
",,단지들이 잔뜩 있는 창고,
CHOICE_EVT_F01_JAR_ROOM_PATTERNED_TEXT,choiceLabel,EVT_F01_JAR_ROOM,CHOICE_EVT_F01_JAR_ROOM_PATTERNED,3,신기한 문양이 각인 된 항아리,80% 확률 골드 획득,,
CHOICE_EVT_F01_JAR_ROOM_PATTERNED_RESULT,resultText,EVT_F01_JAR_ROOM,CHOICE_EVT_F01_JAR_ROOM_PATTERNED,3,"항아리를 열자, 안에서 빛나는 동전을 발견 할 수 있었다.",80% 확률 골드 획득,,
CHOICE_EVT_F01_JAR_ROOM_PATTERNED_ELITE_COMBAT_TEXT,choiceLabel,EVT_F01_JAR_ROOM,CHOICE_EVT_F01_JAR_ROOM_PATTERNED_ELITE_COMBAT,4,신기한 문양이 각인 된 항아리,20% 확률 엘리트 전투,,
CHOICE_EVT_F01_JAR_ROOM_PATTERNED_ELITE_COMBAT_RESULT,resultText,EVT_F01_JAR_ROOM,CHOICE_EVT_F01_JAR_ROOM_PATTERNED_ELITE_COMBAT,4,"항아리를 열자, 외부의 신기한 문양들이 항아리 안으로 흘러들어가더니 이윽고 흉악한 모습을 한 채 나를 덮쳐왔다.",20% 확률 엘리트 전투,,
CHOICE_EVT_F01_JAR_ROOM_PLAIN_TEXT,choiceLabel,EVT_F01_JAR_ROOM,CHOICE_EVT_F01_JAR_ROOM_PLAIN,5,평범한 항아리,체력 // 스테미나 회복,,
CHOICE_EVT_F01_JAR_ROOM_PLAIN_RESULT,resultText,EVT_F01_JAR_ROOM,CHOICE_EVT_F01_JAR_ROOM_PLAIN,5,"항아리를 열어보니, 아직 신선한 고기와 야채들이 저장 돼 있었다.",체력 // 스테미나 회복,,
CHOICE_EVT_F01_JAR_ROOM_CRACKED_TEXT,choiceLabel,EVT_F01_JAR_ROOM,CHOICE_EVT_F01_JAR_ROOM_CRACKED,6,금 간 항아리,3번의 전투 데미지 버프,,
CHOICE_EVT_F01_JAR_ROOM_CRACKED_RESULT,resultText,EVT_F01_JAR_ROOM,CHOICE_EVT_F01_JAR_ROOM_CRACKED,6,"항아리는 텅 비어있었다. 화가 치밀어 올라, 항아리를 박살내버렸다. 아직도 화가 풀리지 않았다.",3번의 전투 데미지 버프,,
EVT_F01_PRIEST_BODY,body,EVT_F01_PRIEST,,7,몸의 절반이 노란빛 결정에 파묻힌 사제가 보인다. 인자한 미소는 낯선 공간을 따뜻하게 채우고 있는 듯 하다.,,기도실,"사제NPC 등장
event_Priest"
CHOICE_EVT_F01_PRIEST_PRAY_TEXT,choiceLabel,EVT_F01_PRIEST,CHOICE_EVT_F01_PRIEST_PRAY,8,함께 기도한다.,체력 완전 회복,,
CHOICE_EVT_F01_PRIEST_PRAY_RESULT,resultText,EVT_F01_PRIEST,CHOICE_EVT_F01_PRIEST_PRAY,8,"무릎을 꿇고, 아무렇게나 기도를 올렸다. 잠깐의 침묵이 지나자, 몸의 상처가 모두 나았다! 정신도 맑아 진 듯 하다.",체력 완전 회복,,
CHOICE_EVT_F01_PRIEST_ASK_TEACHING_TEXT,choiceLabel,EVT_F01_PRIEST,CHOICE_EVT_F01_PRIEST_ASK_TEACHING,9,가르침을 구한다,다음 전투 (코스트 관련) 버프  + 강화,,
CHOICE_EVT_F01_PRIEST_ASK_TEACHING_RESULT,resultText,EVT_F01_PRIEST,CHOICE_EVT_F01_PRIEST_ASK_TEACHING,9,"다음은 어디로 나아가는것이 좋은지 물었다. 사제는 말이 없지만, 사제를 비추고 있던 빛이 문을 향했다. 빛의 방향대로 지체없이 나아가기로 했다.",다음 전투 (코스트 관련) 버프  + 강화,,
CHOICE_EVT_F01_PRIEST_ATTACK_TEXT,choiceLabel,EVT_F01_PRIEST,CHOICE_EVT_F01_PRIEST_ATTACK,10,공격한다,디버프 + 유물,,
CHOICE_EVT_F01_PRIEST_ATTACK_RESULT,resultText,EVT_F01_PRIEST,CHOICE_EVT_F01_PRIEST_ATTACK,10,"탑의 괴물들과 비슷한 모습에 무기를 휘둘렀다. 날카로운 충돌음과 함께 사제를 감싸고 있던 노란 결정의 일부가 떨어져 나왔다. 반동으로 손이 저릴 정도로 강하게 내리쳤으나, 사제는 여전히 미동도 없이 미소짓고 있을 뿐이다. ",디버프 + 유물,,
EVT_F02_MAGIC_ANVIL_BODY,body,EVT_F02_MAGIC_ANVIL,,11,"이곳은 한 때 대장간이었던 공간 인 듯 하다. 화구는 싸늘하고 텅 비어있으며 불온한 기온은 여타 다른 방들과 동일하나, 이 방의 한 가운데에는 거대한 모루가 땅과 한 몸이 되어 있다. 모루 주위엔 은은한 열기가 흩뿌려지고 있다.",,대장간,
CHOICE_EVT_F02_MAGIC_ANVIL_PLACE_WEAPON_TEXT,choiceLabel,EVT_F02_MAGIC_ANVIL,CHOICE_EVT_F02_MAGIC_ANVIL_PLACE_WEAPON,12,모루 위에 무기를 올린다.,무기 강화 (or 영구 데미지 up),,
CHOICE_EVT_F02_MAGIC_ANVIL_PLACE_WEAPON_RESULT,resultText,EVT_F02_MAGIC_ANVIL,CHOICE_EVT_F02_MAGIC_ANVIL_PLACE_WEAPON,12,"여전히 은은하게 뜨거운 모루 위에 무기를 올려뒀다. 잠시 후 거대한 불기둥이 솟아올라 무기를 감싸더니, 이윽고 불길속에서 이전보다 더 흉흉하고 날카롭게 연마 된 무기가 나타났다.",무기 강화 (or 영구 데미지 up),,
CHOICE_EVT_F02_MAGIC_ANVIL_PLACE_ARMOR_TEXT,choiceLabel,EVT_F02_MAGIC_ANVIL,CHOICE_EVT_F02_MAGIC_ANVIL_PLACE_ARMOR,13,모루 위에 방어구를 올린다.,방어구 강화 (or 영구 방어도 up),,
CHOICE_EVT_F02_MAGIC_ANVIL_PLACE_ARMOR_RESULT,resultText,EVT_F02_MAGIC_ANVIL,CHOICE_EVT_F02_MAGIC_ANVIL_PLACE_ARMOR,13,"여전히 은은하게 뜨거운 모루 위에 방어구를 올려뒀다. 잠시 후 거대한 불기둥이 솟아올라 장비를 감싸더니, 이윽고 불길속에서 이전보다 더 견고하고 촘촘히 수선된 방어구가 나타났다.",방어구 강화 (or 영구 방어도 up),,
CHOICE_EVT_F02_MAGIC_ANVIL_CLIMB_ON_TEXT,choiceLabel,EVT_F02_MAGIC_ANVIL,CHOICE_EVT_F02_MAGIC_ANVIL_CLIMB_ON,14,모루 위에 올라간다.,체력 감소 + 디버프 + 강화,,
CHOICE_EVT_F02_MAGIC_ANVIL_CLIMB_ON_RESULT,resultText,EVT_F02_MAGIC_ANVIL,CHOICE_EVT_F02_MAGIC_ANVIL_CLIMB_ON,14,"사람 한 명 올라 설 수 있는 넓은 모루 위로 올라섰다. 잠시 후 거대한 불기둥이 솟아올라 나를 감쌌다. 잠시 후, 불길이 걷히고난 나는 내 전신에는 이전과 다른 눈치채지 못한 낙인을 발견 할 수 있었다.",체력 감소 + 디버프 + 강화,,
EVT_F03_BALCONY_BODY,body,EVT_F03_BALCONY,,15,"문 위로 한 단어가 적혀있다. ""발코니"". 이쯤 올라왔다면, 바깥상황을 한 번 확인 해 볼 수 있을것만 같다.",,닫힌 문,
CHOICE_EVT_F03_BALCONY_NORMAL_VIEW_TEXT,choiceLabel,EVT_F03_BALCONY,CHOICE_EVT_F03_BALCONY_NORMAL_VIEW,16,평범한 풍경,"20%확률 소량의 체력, 스태미나 회복",평범한 왕국,
CHOICE_EVT_F03_BALCONY_NORMAL_VIEW_RESULT,resultText,EVT_F03_BALCONY,CHOICE_EVT_F03_BALCONY_NORMAL_VIEW,16,"바깥은 내가 알고 있는 풍경과 별 반 다르지 않았다. 그러나, 탑 밖에서 흘러 가는 평범한 하루가 나에게 기묘한 평온함을 주었다.","20%확률 소량의 체력, 스태미나 회복",평범한 왕국,
CHOICE_EVT_F03_BALCONY_MURKY_VIEW_TEXT,choiceLabel,EVT_F03_BALCONY,CHOICE_EVT_F03_BALCONY_MURKY_VIEW,17,혼탁한 풍경, 20%확률 강화,흐린 왕국,
CHOICE_EVT_F03_BALCONY_MURKY_VIEW_RESULT,resultText,EVT_F03_BALCONY,CHOICE_EVT_F03_BALCONY_MURKY_VIEW,17,바깥은 굉장히 흐리고 안개 낀 나날이 지속 된 모양이다. 습한 공기와 젖은 먼지 냄새의 가라앉은 분위기가 나의 오감을 곤두세웠다., 20%확률 강화,흐린 왕국,
CHOICE_EVT_F03_BALCONY_OMINOUS_VIEW_TEXT,choiceLabel,EVT_F03_BALCONY,CHOICE_EVT_F03_BALCONY_OMINOUS_VIEW,18,불길한 풍경,20%확률 저주,전란에 휩싸인 왕국,
CHOICE_EVT_F03_BALCONY_OMINOUS_VIEW_RESULT,resultText,EVT_F03_BALCONY,CHOICE_EVT_F03_BALCONY_OMINOUS_VIEW,18,"바깥은 끔찍한 풍경이었다. 곳곳에 불길과 연기가 피어오르고, 땅에서 솟구친 살덩어리와 뼈가 섞인 구조물 위를 까마귀 무리가 날아다니며, 언뜻 비명소리가 들린 듯 하다. 이것이 현실일 리 없다 부정하며 돌아나왔다. 기분이 상당히 불쾌했다.",20%확률 저주,전란에 휩싸인 왕국,
CHOICE_EVT_F03_BALCONY_SUNNY_VIEW_TEXT,choiceLabel,EVT_F03_BALCONY,CHOICE_EVT_F03_BALCONY_SUNNY_VIEW,19,화창한 풍경,20%확률 엔딩 분기점,매우 화창한 왕국,
CHOICE_EVT_F03_BALCONY_SUNNY_VIEW_RESULT,resultText,EVT_F03_BALCONY,CHOICE_EVT_F03_BALCONY_SUNNY_VIEW,19,"바깥은... 굉장히 화창했다. 왕국을 둘러싸고있는 산 너머 수백리까지 맑게 비쳐보였으며, 마을은 고요하되 싸늘하지 않았으며, 황금빛의 호밀밭이 넘실거리고 있었다. 마치 불길한 탑이 세워지기 전의 여느 추수철과도 같이...",20%확률 엔딩 분기점,매우 화창한 왕국,
CHOICE_EVT_F03_BALCONY_JUMP_INTO_SUNNY_VIEW_TEXT,choiceLabel,EVT_F03_BALCONY,CHOICE_EVT_F03_BALCONY_JUMP_INTO_SUNNY_VIEW,20, 화창한 풍경 속으로 뛰어든다.,게임 오버,추락,
CHOICE_EVT_F03_BALCONY_JUMP_INTO_SUNNY_VIEW_RESULT,resultText,EVT_F03_BALCONY,CHOICE_EVT_F03_BALCONY_JUMP_INTO_SUNNY_VIEW,20,"나를 부르는듯한 소리에 무심코 손을 뻗어 그리운 사람들의 얼굴을 감싼 화사한 햇볕을 가려주려 했다. 그러나

그 런 것 이 현 실 일 리 없 었 다 .",게임 오버,추락,
CHOICE_EVT_F03_BALCONY_BASK_TEXT,choiceLabel,EVT_F03_BALCONY,CHOICE_EVT_F03_BALCONY_BASK,21,볕을 쬔다.,"버프, 체력, 스태미나 회복",매우 화창한 왕국2,
CHOICE_EVT_F03_BALCONY_BASK_RESULT,resultText,EVT_F03_BALCONY,CHOICE_EVT_F03_BALCONY_BASK,21,"나를 부르는듯한 소리가 들린다. 아이들의 뛰어노는 소리. 새들의 지저귐. 바람이 숲 사이를 헤쳐가는 소리. 그런 풍경들을 바라보며 한참을 서 있다 돌아나왔다. 그저 탑의 환상일지도 모르지만, 나의 의지는 목표의식과 충만함으로 가득 찼다.","버프, 체력, 스태미나 회복",매우 화창한 왕국2,
CHOICE_EVT_F03_BALCONY_APPROACHING_VIEW_TEXT,choiceLabel,EVT_F03_BALCONY,CHOICE_EVT_F03_BALCONY_APPROACHING_VIEW,22,다가오는 풍경,"20%확률 유물 획득, 엘리트 전투 기회",안개낀 하늘,
CHOICE_EVT_F03_BALCONY_APPROACHING_VIEW_RESULT,resultText,EVT_F03_BALCONY,CHOICE_EVT_F03_BALCONY_APPROACHING_VIEW,22,"바깥은 밑도끝도 보이지 않게 안개로 가득 메워져 있었으나, 저 하늘에서부터 불길한 기운의 무엇인가가 다가오는것이 느껴졌다. 나는 선택 해야만 한다.","20%확률 유물 획득, 엘리트 전투 기회",안개낀 하늘,
CHOICE_EVT_F03_BALCONY_FACE_IT_TEXT,choiceLabel,EVT_F03_BALCONY,CHOICE_EVT_F03_BALCONY_FACE_IT,23,마주한다.,"해당 층 엘리트 전투, 전투 후 유물 획득",안개낀 하늘,
CHOICE_EVT_F03_BALCONY_FACE_IT_RESULT,resultText,EVT_F03_BALCONY,CHOICE_EVT_F03_BALCONY_FACE_IT,23,어디 한번 다가 와 봐라. 누가 됐든 상대하여 내 양식으로 삼아주리라. ,"해당 층 엘리트 전투, 전투 후 유물 획득",안개낀 하늘,
CHOICE_EVT_F03_BALCONY_WITHDRAW_TEXT,choiceLabel,EVT_F03_BALCONY,CHOICE_EVT_F03_BALCONY_WITHDRAW,24,도망친다.,체력 감소,닫힌 문,
CHOICE_EVT_F03_BALCONY_WITHDRAW_RESULT,resultText,EVT_F03_BALCONY,CHOICE_EVT_F03_BALCONY_WITHDRAW,24,"저 불길한것을 마주해야 할 이유는 없다. 나는 서둘러 돌아 나와 문을 걸어잠궜다. 너무 서둘렀을 탓일까, 도망치는 과정에서 작은 부상을 입었다.",체력 감소,닫힌 문,
CHOICE_EVT_F03_BALCONY_RETURN_TEXT,choiceLabel,EVT_F03_BALCONY,CHOICE_EVT_F03_BALCONY_RETURN,25,돌아간다.,아무 일 도 일어나지 않았다.,닫힌 문,
CHOICE_EVT_F03_BALCONY_RETURN_RESULT,resultText,EVT_F03_BALCONY,CHOICE_EVT_F03_BALCONY_RETURN,25,굳이 여유부리고 싶은 생각은 없다. 나는 잡념을 접고 뒤로 돌아나갔다.,아무 일 도 일어나지 않았다.,닫힌 문,
EVT_F01_TREASURE_BODY,body,EVT_F01_TREASURE,,26,한 눈에 보기에도 값어치가 나가보이는 장식을 가진 상자를 발견했다.,,보물상자,
CHOICE_EVT_F01_TREASURE_OPEN_TEXT,choiceLabel,EVT_F01_TREASURE,CHOICE_EVT_F01_TREASURE_OPEN,27,열어본다.,95% 유물,유물,
CHOICE_EVT_F01_TREASURE_OPEN_RESULT,resultText,EVT_F01_TREASURE,CHOICE_EVT_F01_TREASURE_OPEN,27,상자의 안에서 골동품을 발견했다. 없는것 보단 낫겠다 싶은 마음에 골동품을 챙겼다.,95% 유물,유물,
CHOICE_EVT_F01_TREASURE_OPEN_GOLD_TEXT,choiceLabel,EVT_F01_TREASURE,CHOICE_EVT_F01_TREASURE_OPEN_GOLD,28,열어본다.,4% 대량의 골드,골드,
CHOICE_EVT_F01_TREASURE_OPEN_GOLD_RESULT,resultText,EVT_F01_TREASURE,CHOICE_EVT_F01_TREASURE_OPEN_GOLD,28,상자를 열어보자 황금빛이 방 안을 가득 메울정도의 골드가  쏟아져나왔다. 기꺼이 챙길 수 있을 만큼 챙겼다.,4% 대량의 골드,골드,
CHOICE_EVT_F01_TREASURE_OPEN_HP_TEXT,choiceLabel,EVT_F01_TREASURE,CHOICE_EVT_F01_TREASURE_OPEN_HP,29,열어본다.,1% 체력 감소,함정,
CHOICE_EVT_F01_TREASURE_OPEN_HP_RESULT,resultText,EVT_F01_TREASURE,CHOICE_EVT_F01_TREASURE_OPEN_HP,29,상자를 열어보자 버튼이 눌리는 소리와 함께 상자 안에서 칼날이 솟아올랐다. 미처 피하지 못한 칼날 파편에 다치고 말았다.,1% 체력 감소,함정,
EVT_F03_HIGH_AND_LOW_BODY,body,EVT_F03_HIGH_AND_LOW,,30,"탑을 오르면 오를수록 조용하게 스며들며 언뜻 들려왔던 목소리가 이제는 뚜렷이 의미를 알 수 있을 정도로 선명히 귓가를 울려온다. 위에서부터, 아래에서부터 동시에 울리는 목소리는 나의 대답을 독촉한다. 더 시달리지 않기 위해, 나는 선택해야만 한다.",,,
CHOICE_EVT_F03_HIGH_AND_LOW_HIGH_VOICE_TEXT,choiceLabel,EVT_F03_HIGH_AND_LOW,CHOICE_EVT_F03_HIGH_AND_LOW_HIGH_VOICE,31,높은 곳에서의 탄성,49.5% 확률 외신의 부름. 고대 신 진영 몬스터 대항용 유물 획득,,
CHOICE_EVT_F03_HIGH_AND_LOW_HIGH_VOICE_RESULT,resultText,EVT_F03_HIGH_AND_LOW,CHOICE_EVT_F03_HIGH_AND_LOW_HIGH_VOICE,31,"[저 아래에서 들려오는 목소리는 너를 나락으로 끌고가려는 악마의 목소리야][자, ""우'모{나}두'리"" 와 함께 저들을 해치우자][그러도록 하자]
수도 없는 울림에 잠시 정신을 잃은 사이, 나의 오른손에 본 적 없던 반지가 끼워져 있었다. 반지가 끼워진 손을 들어올려 한참을 감상했다. 더는 밑을 바라보고 싶지 않아졌다.",49.5% 확률 외신의 부름. 고대 신 진영 몬스터 대항용 유물 획득,,
CHOICE_EVT_F03_HIGH_AND_LOW_ACTION_32_TEXT,choiceLabel,EVT_F03_HIGH_AND_LOW,CHOICE_EVT_F03_HIGH_AND_LOW_ACTION_32,32,낮은 곳에서의 괴성,49.5% 확률 고대신의 부름. 외신 진영 몬스터 대항용 유물 획득,,
CHOICE_EVT_F03_HIGH_AND_LOW_ACTION_32_RESULT,resultText,EVT_F03_HIGH_AND_LOW,CHOICE_EVT_F03_HIGH_AND_LOW_ACTION_32,32,"『참새가 시끄럽게도 지저귀며』『땅의 아이를 가로채려함느 용납 할 수 없으매』『가서 고하라』『뿌리내리지 못하는 헛것들에게』『 나의 위용을 보여라』수도 없는 울림에 잠시 정신을 잃은 사이, 나의 왼 발목에 갑주가 채워져 있었다. 밤 하늘의 별빛보다도 아름다움에 눈을 떼기 힘들다.",49.5% 확률 고대신의 부름. 외신 진영 몬스터 대항용 유물 획득,,
CHOICE_EVT_F03_HIGH_AND_LOW_ACTION_33_TEXT,choiceLabel,EVT_F03_HIGH_AND_LOW,CHOICE_EVT_F03_HIGH_AND_LOW_ACTION_33,33,내면의 울림,"1% 확률 주신의 부름. 특별한, 강력한 효과 유물 획득",,
CHOICE_EVT_F03_HIGH_AND_LOW_ACTION_33_RESULT,resultText,EVT_F03_HIGH_AND_LOW,CHOICE_EVT_F03_HIGH_AND_LOW_ACTION_33,33,"무엇으로 나아가는가? 언제 찾을 수 있는가? 어떻게 확신 할 수 있는가? 어디서 들을 수 있는가? 왜 두렵지 않는가? '나' 는 누구인가? 여섯가지 울림이 내 안에서 퍼져울렸다. 혼탁한 어둠이 조금 걷혀 갈 때 쯤, 울림도 함께 멎었고,  나의 내면에 무엇인가 깃듦을 느낄 수 있었다.","1% 확률 주신의 부름. 특별한, 강력한 효과 유물 획득",,
CHOICE_EVT_F03_HIGH_AND_LOW_ACTION_34_TEXT,choiceLabel,EVT_F03_HIGH_AND_LOW,CHOICE_EVT_F03_HIGH_AND_LOW_ACTION_34,34,무시한다.,"스태미나? 감소, 디버프, 체력 잃음, 특별한 유물 획득",,
CHOICE_EVT_F03_HIGH_AND_LOW_ACTION_34_RESULT,resultText,EVT_F03_HIGH_AND_LOW,CHOICE_EVT_F03_HIGH_AND_LOW_ACTION_34,34,"샅된 목소리에 흔들릴 시간따윈 없다. 현혹되지 않으려 정신을 집중하지만, 내 의도를 알아차렸는지, 목소리들은 한 층 더 성난 목소리로 나를 부른다. 뇌를 떄리는 소음에 나는 정신을 잃고 말았다.
눈을 뜬 후, 주머니속에 출처를 알 수 없는 유물이 들어 있었다. 누군가가 주고 간 것일까?","스태미나? 감소, 디버프, 체력 잃음, 특별한 유물 획득",,
EVT_F02_COURT_PAINTER_BODY,body,EVT_F02_COURT_PAINTER,,35,"물감으로 범벅이 된 문을 열고 들어가자, 이젤 위에 얹어진 캔버스 안에서 팔 하나가 뻗어나왔다. 붓을 들고 맞은편의 캔버스를 칠하려 하는 것 같다. 어떤걸 그리는게 좋을까?",,캔버스와 물감으로 범벅이 된 방,
CHOICE_EVT_F02_COURT_PAINTER_PORTRAIT_TEXT,choiceLabel,EVT_F02_COURT_PAINTER,CHOICE_EVT_F02_COURT_PAINTER_PORTRAIT,36,초상화를 부탁한다,유물 획득,,
CHOICE_EVT_F02_COURT_PAINTER_PORTRAIT_RESULT,resultText,EVT_F02_COURT_PAINTER,CHOICE_EVT_F02_COURT_PAINTER_PORTRAIT,36,"초상화를 부탁하자, 캔버스의 팔은 망설임 없이 붓을 움직여 순식간에 누군가의 초상화를 그려냈다. 위엄이 돋보이는 왕과, 행복한 듯 보이는 왕비로 보이는 자 들이 서로 마주보며 웃고 있었다. 감상을 하고 있으니, 초상화가 품속에서 물건을 꺼내 내게 건내주었다.",유물 획득,,
CHOICE_EVT_F02_COURT_PAINTER_STILL_LIFE_TEXT,choiceLabel,EVT_F02_COURT_PAINTER,CHOICE_EVT_F02_COURT_PAINTER_STILL_LIFE,37,정물화를 부탁한다,체력 소량 회복,,
CHOICE_EVT_F02_COURT_PAINTER_STILL_LIFE_RESULT,resultText,EVT_F02_COURT_PAINTER,CHOICE_EVT_F02_COURT_PAINTER_STILL_LIFE,37,"정물화를 부탁하자, 캔버스의 팔은 망설임 없이 붓을 움직여 순식간에 탐스러운 과일과 술병이 그려진 정물화를 그려냈다. 먹음직스러워 보이는 구성의 식탁 그림을 보는 것 만으로도 허기가 사라졌다.",체력 소량 회복,,
CHOICE_EVT_F02_COURT_PAINTER_LANDSCAPE_TEXT,choiceLabel,EVT_F02_COURT_PAINTER,CHOICE_EVT_F02_COURT_PAINTER_LANDSCAPE,38,풍경화를 부탁한다,스탯 강화,,
CHOICE_EVT_F02_COURT_PAINTER_LANDSCAPE_RESULT,resultText,EVT_F02_COURT_PAINTER,CHOICE_EVT_F02_COURT_PAINTER_LANDSCAPE,38,"풍경화를 부탁하자, 캔버스의 팔은 망설임 없이 붓을 움직여 순식간에 어느 풍경을 그려냈다. 자세히 보니... ... 이 풍경은 평화로울 적의 내 고향이다. 오래간만에 보는 그리운 풍경의 향수가 나의 오감을 갈무리한다",스탯 강화,,
CHOICE_EVT_F02_COURT_PAINTER_ACTION_39_TEXT,choiceLabel,EVT_F02_COURT_PAINTER,CHOICE_EVT_F02_COURT_PAINTER_ACTION_39,39,자화상을 부탁한다(히든),특별한 유물 획득,거울에 갇힌 팔,
CHOICE_EVT_F02_COURT_PAINTER_ACTION_39_RESULT,resultText,EVT_F02_COURT_PAINTER,CHOICE_EVT_F02_COURT_PAINTER_ACTION_39,39,"거울을 들어 그림 그리는 캔버스의 자화상을 부탁 했다. 팔이 거울 앞에서 잠시 멈추더니, 그대로 거울속으로 빨려들어갔다. 거울의 균열이 말끔히 고쳐졌다.",특별한 유물 획득,거울에 갇힌 팔,
EVT_F01_MERCHANT_BODY,body,EVT_F01_MERCHANT,,41,"""어서오십쇼..!"" 노예를 이끌고 다니는 상인과 탑에서 마주쳤다. 그는 나와 눈이 마주치자마자 노예에게 돗자리를 펴, 상품을 나열시키게 했다.",,탑의 구석,상인NPC 등장
CHOICE_EVT_F01_MERCHANT_USE_SHOP_TEXT,choiceLabel,EVT_F01_MERCHANT,CHOICE_EVT_F01_MERCHANT_USE_SHOP,42,상점을 이용한다.,상점 이용,,
CHOICE_EVT_F01_MERCHANT_USE_SHOP_RESULT,resultText,EVT_F01_MERCHANT,CHOICE_EVT_F01_MERCHANT_USE_SHOP,42,,상점 이용,,
CHOICE_EVT_F01_MERCHANT_ACTION_43_TEXT,choiceLabel,EVT_F01_MERCHANT,CHOICE_EVT_F01_MERCHANT_ACTION_43,43,상점을 떠난다.,상점 퇴장,,
CHOICE_EVT_F01_MERCHANT_ACTION_43_RESULT,resultText,EVT_F01_MERCHANT,CHOICE_EVT_F01_MERCHANT_ACTION_43,43,"""크흐.. 또 봅시다....."" 상인은 노예에게 서둘러 돗자리를 거두게 한 후, 어둠속으로 재빨리 사라졌다.",상점 퇴장,,
CHOICE_EVT_F01_MERCHANT_LEAVE_SHOP_TEXT,choiceLabel,EVT_F01_MERCHANT,CHOICE_EVT_F01_MERCHANT_LEAVE_SHOP,44,상점을 이용하지 않는다.,상점 퇴장,,
CHOICE_EVT_F01_MERCHANT_LEAVE_SHOP_RESULT,resultText,EVT_F01_MERCHANT,CHOICE_EVT_F01_MERCHANT_LEAVE_SHOP,44,"""뭐 하자는 거야!"" 상인은 돗자리를 거들떠보지도 않는 나에게 욕을 한바가지나 뱉은 후  노예를 흠씬 두들겨팼다. 이후 자리를 정리 하여 어둠속으로 사라졌다.",상점 퇴장,,
EVT_F02_MERCHANT_BODY,body,EVT_F02_MERCHANT,,45,"""후욱...쓸모없는 녀석..."" 중얼거리던 상인은 나를 발견하고는, ""어서오십쇼...!"" 하며 돗자리를 펴 상품을 나열했다.",,,
CHOICE_EVT_F02_MERCHANT_USE_SHOP_TEXT,choiceLabel,EVT_F02_MERCHANT,CHOICE_EVT_F02_MERCHANT_USE_SHOP,46,상점을 이용한다.,상점 이용,,
CHOICE_EVT_F02_MERCHANT_USE_SHOP_RESULT,resultText,EVT_F02_MERCHANT,CHOICE_EVT_F02_MERCHANT_USE_SHOP,46,,상점 이용,,
CHOICE_EVT_F02_MERCHANT_ACTION_47_TEXT,choiceLabel,EVT_F02_MERCHANT,CHOICE_EVT_F02_MERCHANT_ACTION_47,47,상점을 떠난다.,상점 퇴장,,
CHOICE_EVT_F02_MERCHANT_ACTION_47_RESULT,resultText,EVT_F02_MERCHANT,CHOICE_EVT_F02_MERCHANT_ACTION_47,47,"""이젠 이 빌어먹을 탑을 나가기만 하면 되겠어. 애당초 내 역할은 여기까지였다고!"" 상인은 허겁지겁 돗자리를 거둔 후 어둠속으로 재빨리 사라졌다.",상점 퇴장,,
CHOICE_EVT_F02_MERCHANT_LEAVE_SHOP_TEXT,choiceLabel,EVT_F02_MERCHANT,CHOICE_EVT_F02_MERCHANT_LEAVE_SHOP,48,상점을 이용하지 않는다.,상점 퇴장,,
CHOICE_EVT_F02_MERCHANT_LEAVE_SHOP_RESULT,resultText,EVT_F02_MERCHANT,CHOICE_EVT_F02_MERCHANT_LEAVE_SHOP,48,"""젠장! 완전히 공쳤군!!"" 상인은 돗자리를 거들떠보지도 않는 나에게 욕을 한바가지나 뱉은 후 허겁지겁 자리를 정리 하여 어둠속으로 사라졌다.",상점 퇴장,,
EVT_F03_MERCHANT_BODY,body,EVT_F03_MERCHANT,,49,"""어,..서? 오십,쇼..!"" 노예를 이끌고 다니는 상인과 탑에서 마주쳤다. 그는 나와 눈이 마주치기도 전에 돗자리를 펴 상품을 나열했다.",,,
CHOICE_EVT_F03_MERCHANT_USE_SHOP_TEXT,choiceLabel,EVT_F03_MERCHANT,CHOICE_EVT_F03_MERCHANT_USE_SHOP,50,상점을 이용한다.,상점 이용,,
CHOICE_EVT_F03_MERCHANT_USE_SHOP_RESULT,resultText,EVT_F03_MERCHANT,CHOICE_EVT_F03_MERCHANT_USE_SHOP,50,,상점 이용,,
CHOICE_EVT_F03_MERCHANT_ACTION_51_TEXT,choiceLabel,EVT_F03_MERCHANT,CHOICE_EVT_F03_MERCHANT_ACTION_51,51,상점을 떠난다.,상점 퇴장,,
CHOICE_EVT_F03_MERCHANT_ACTION_51_RESULT,resultText,EVT_F03_MERCHANT,CHOICE_EVT_F03_MERCHANT_ACTION_51,51,"""크흐...제,제발? 또! 봅시,다...!"" 상인은 엉성하게 돗자리를 거둔 후 어둠속으로 서서히 사라졌다.",상점 퇴장,,
CHOICE_EVT_F03_MERCHANT_LEAVE_SHOP_TEXT,choiceLabel,EVT_F03_MERCHANT,CHOICE_EVT_F03_MERCHANT_LEAVE_SHOP,52,상점을 이용하지 않는다.,상점 퇴장,,
CHOICE_EVT_F03_MERCHANT_LEAVE_SHOP_RESULT,resultText,EVT_F03_MERCHANT,CHOICE_EVT_F03_MERCHANT_LEAVE_SHOP,52,"""뭐 하자!는 살...살?려... 거야!"" 상인은 돗자리를 거들떠보지도 않는 나에게 무어라 소리 친 후 돗자리 위로 형편없이 엎어졌다. 그러더니, 그 상태로 돗자리와 함께 네 발로 기어 어둠속으로 사라졌다.",상점 퇴장,,
EVT_F04_MERCHANT_BODY,body,EVT_F04_MERCHANT,,53,"어둠속에서 돗자리를 편 상인을 발견했다. ""구르륵"" 상인은 끓는 소리를 냈다.
한번 살펴보고 가라는 뜻 같다.",,,
CHOICE_EVT_F04_MERCHANT_USE_SHOP_TEXT,choiceLabel,EVT_F04_MERCHANT,CHOICE_EVT_F04_MERCHANT_USE_SHOP,54,상점을 이용한다.,상점 이용,,
CHOICE_EVT_F04_MERCHANT_USE_SHOP_RESULT,resultText,EVT_F04_MERCHANT,CHOICE_EVT_F04_MERCHANT_USE_SHOP,54,,상점 이용,,
CHOICE_EVT_F04_MERCHANT_ACTION_55_TEXT,choiceLabel,EVT_F04_MERCHANT,CHOICE_EVT_F04_MERCHANT_ACTION_55,55,상점을 떠난다.,상점 퇴장,,
CHOICE_EVT_F04_MERCHANT_ACTION_55_RESULT,resultText,EVT_F04_MERCHANT,CHOICE_EVT_F04_MERCHANT_ACTION_55,55,"""꼬르르륵"" 끓는 소리를 낸 상인은 돗자리를 온몸으로 거둔 후 어둠과 한 몸이 돼 사라졌다.",상점 퇴장,,
CHOICE_EVT_F04_MERCHANT_ACTION_56_TEXT,choiceLabel,EVT_F04_MERCHANT,CHOICE_EVT_F04_MERCHANT_ACTION_56,56,공격한다.,상점 퇴장 ( 해당 회차에서 등장x ),,
CHOICE_EVT_F04_MERCHANT_ACTION_56_RESULT,resultText,EVT_F04_MERCHANT,CHOICE_EVT_F04_MERCHANT_ACTION_56,56,"""께르륵"" 끓는 소리를 낸 상인은 물건을 온 몸으로 지켜내더니, 공격당한건 신경도 쓰지 않는 듯 어둠속으로  순식간에 사라졌다.",상점 퇴장 ( 해당 회차에서 등장x ),,
CHOICE_EVT_F04_MERCHANT_LEAVE_SHOP_TEXT,choiceLabel,EVT_F04_MERCHANT,CHOICE_EVT_F04_MERCHANT_LEAVE_SHOP,57,상점을 이용하지 않는다.,상점 퇴장,,
CHOICE_EVT_F04_MERCHANT_LEAVE_SHOP_RESULT,resultText,EVT_F04_MERCHANT,CHOICE_EVT_F04_MERCHANT_LEAVE_SHOP,57,"상인은 돗자리를 거들떠보지도 않는 나를 물끄러미 바라보더니, 이내 돗자리를 온 몸으로 거둔 후 어둠과 한 몸이 돼 사라졌다.",상점 퇴장,,
EVT_F01_REST_BODY,body,EVT_F01_REST,,59,"탑 한 켠, 고요한 공간에 탑 곳곳의 부자재를 쌓아올려 작은 모닥불을 피웠다. 비록 방금까진 거친 강행군을 거쳤을 진 몰라도, 지금은 안전하다. 이 기회에 여러가지를 해 볼 수 있을지도 모른다.",,모닥불,
CHOICE_EVT_F01_REST_ACTION_60_TEXT,choiceLabel,EVT_F01_REST,CHOICE_EVT_F01_REST_ACTION_60,60,휴식을 취한다,체력 회복,,
CHOICE_EVT_F01_REST_ACTION_60_RESULT,resultText,EVT_F01_REST,CHOICE_EVT_F01_REST_ACTION_60,60,자리를 정돈하고 천조각을 그러모아 이불삼아 덮은 후 눈을 감았다. 짧지만 달콤한 휴식을 취했다.,체력 회복,,
CHOICE_EVT_F01_REST_ACTION_61_TEXT,choiceLabel,EVT_F01_REST,CHOICE_EVT_F01_REST_ACTION_61,61,훈련을 진행한다,능력치 강화,,
CHOICE_EVT_F01_REST_ACTION_61_RESULT,resultText,EVT_F01_REST,CHOICE_EVT_F01_REST_ACTION_61,61,휴식은 사치다. 나는 곧바로 내 무기와 더 친해지는 시간을 가졌다.,능력치 강화,,
CHOICE_EVT_F01_REST_ACTION_62_TEXT,choiceLabel,EVT_F01_REST,CHOICE_EVT_F01_REST_ACTION_62,62,유물과 공명한다,유물 강화,,
CHOICE_EVT_F01_REST_ACTION_62_RESULT,resultText,EVT_F01_REST,CHOICE_EVT_F01_REST_ACTION_62,62,유물들 중 일부가 나와 공명하듯 떨려왔다. 조금만 더 집중 하면 유물의 진실된 모습을 볼 수 있으리라. 이윽고 나와 공명한 유물은 먼지와 묵은때를 떨쳐내고 마치 새 것 처럼 번뜩였다.,유물 강화,,
CHOICE_EVT_F01_REST_ACTION_63_TEXT,choiceLabel,EVT_F01_REST,CHOICE_EVT_F01_REST_ACTION_63,63,기분을 묻는다,마타이오스 호감도 등락,,
CHOICE_EVT_F01_REST_ACTION_63_RESULT,resultText,EVT_F01_REST,CHOICE_EVT_F01_REST_ACTION_63,63,마타이오스와 AI대화,마타이오스 호감도 등락,,
EVT_F01_GATEKEEPER_BODY,body,EVT_F01_GATEKEEPER,,65,"거대한 석상이 지키고 있는 문을 발견했다. 심상치 않은 기운에 문 앞으로 다가서니, 석상이 문 앞을 가로막았다. 눈을 가리고 있는 석상은 입을 달싹 거리더니, [이곳의 출입을 엄격히 금한다] 라 말 하고 있다. 쉬이 비키지 않을 것 같은 분위기인데, 어떻게 할까? ",,심상치 않은나무문을 가로막고 있는 석상,
CHOICE_EVT_F01_GATEKEEPER_ACTION_66_TEXT,choiceLabel,EVT_F01_GATEKEEPER,CHOICE_EVT_F01_GATEKEEPER_ACTION_66,66,억지로 지나간다,석상 전투 승리 후 유물 획득 /  50% 보물 이벤트,,
CHOICE_EVT_F01_GATEKEEPER_ACTION_66_RESULT,resultText,EVT_F01_GATEKEEPER,CHOICE_EVT_F01_GATEKEEPER_ACTION_66,66,"수상한 문을 지키는 수상한 석상이라. 부숴도 상관 없을것만 같은 느낌이 들었다. 그런 생각을 마치자, [적대 행위 발견. 배제 한다.] 석상은 거대한 몸이 순식간에 우리를 덮쳤다. ",석상 전투 승리 후 유물 획득 /  50% 보물 이벤트,,
CHOICE_EVT_F01_GATEKEEPER_PASS_TEXT,choiceLabel,EVT_F01_GATEKEEPER,CHOICE_EVT_F01_GATEKEEPER_PASS,67,지나친다,아무 일도 일어나지 않았다.,,
CHOICE_EVT_F01_GATEKEEPER_PASS_RESULT,resultText,EVT_F01_GATEKEEPER,CHOICE_EVT_F01_GATEKEEPER_PASS,67,석상을 설득하기란 어려워 보인다. 나는 문을 지나쳐 앞으로 나아갔다.,아무 일도 일어나지 않았다.,,
CHOICE_EVT_F01_GATEKEEPER_ACTION_68_TEXT,choiceLabel,EVT_F01_GATEKEEPER,CHOICE_EVT_F01_GATEKEEPER_ACTION_68,68,설득한다 (AI 대화?),50% 특별한 유물 획득 / 50% 보물 이벤트,,
CHOICE_EVT_F01_GATEKEEPER_ACTION_68_RESULT,resultText,EVT_F01_GATEKEEPER,CHOICE_EVT_F01_GATEKEEPER_ACTION_68,68,"(석상의 책임이 끝났음을 설득하거나, 보다 급한 일이 있다고 설득하여 자리를 비키게 하기)",50% 특별한 유물 획득 / 50% 보물 이벤트,,
EVT_F01_RESISTANCE_LINE_BODY,body,EVT_F01_RESISTANCE_LINE,,69,"조금 더 나아가니, 피로 난장이 된 목책, 철책과 수많은 시신들이 보인다. 아마 이 광기에 끝까지 저항한 이들이리라. 짧은 묵념 후 지나쳐 가려는 사이, 철조망이 이어진 철책 사이 무엇인가 반짝이는것을 보았다. 아니면, 단순 착각이었을지도.",,철조망이 둘러쌓여진 탑 안쪽의 농성흔적,
CHOICE_EVT_F01_RESISTANCE_LINE_ACTION_70_TEXT,choiceLabel,EVT_F01_RESISTANCE_LINE,CHOICE_EVT_F01_RESISTANCE_LINE_ACTION_70,70,철책을 조사한다,"체력 소량 감소, 소량의 골드 획득",,
CHOICE_EVT_F01_RESISTANCE_LINE_ACTION_70_RESULT,resultText,EVT_F01_RESISTANCE_LINE,CHOICE_EVT_F01_RESISTANCE_LINE_ACTION_70,70,"반짝임의 정체는 소량의 금화였다. 이런 것이 또 있는지 둘러 본 결과, 철조망의 더 깊은 안쪽에서 반짝임을 확인했다. 어떻게 할까?","체력 소량 감소, 소량의 골드 획득",,
CHOICE_EVT_F01_RESISTANCE_LINE_ACTION_71_TEXT,choiceLabel,EVT_F01_RESISTANCE_LINE,CHOICE_EVT_F01_RESISTANCE_LINE_ACTION_71,71,돌아간다,이벤트 퇴장,,
CHOICE_EVT_F01_RESISTANCE_LINE_ACTION_71_RESULT,resultText,EVT_F01_RESISTANCE_LINE,CHOICE_EVT_F01_RESISTANCE_LINE_ACTION_71,71,욕심은 화를 부르는 법. 만족 하는 방법도 알아야 한다.,이벤트 퇴장,,
CHOICE_EVT_F01_RESISTANCE_LINE_ACTION_72_TEXT,choiceLabel,EVT_F01_RESISTANCE_LINE,CHOICE_EVT_F01_RESISTANCE_LINE_ACTION_72,72,철책 안쪽을 살펴본다,"30% 유물 발견 / 70%체력 소량 감소, 재도전 or 돌아간다 선택지",,
CHOICE_EVT_F01_RESISTANCE_LINE_ACTION_72_RESULT,resultText,EVT_F01_RESISTANCE_LINE,CHOICE_EVT_F01_RESISTANCE_LINE_ACTION_72,72,"30% 성공시 : 철책 안에서 발견한것은 재물이 아닌, 유물이었다. 아쉬운 마음으로 유물을 챙겼다.
70% 실패시 : 나를 부르던 반짝임은 재물이 아닌, 유리 파편이었다. 철책을 헤치느라 생긴 상처가 아려온다. 지금이라도 돌아갈까?","30% 유물 발견 / 70%체력 소량 감소, 재도전 or 돌아간다 선택지",,
CHOICE_EVT_F01_RESISTANCE_LINE_PASS_TEXT,choiceLabel,EVT_F01_RESISTANCE_LINE,CHOICE_EVT_F01_RESISTANCE_LINE_PASS,73,지나친다,아무 일도 일어나지 않았다.,,
CHOICE_EVT_F01_RESISTANCE_LINE_PASS_RESULT,resultText,EVT_F01_RESISTANCE_LINE,CHOICE_EVT_F01_RESISTANCE_LINE_PASS,73,저 차갑고 날카로운 쇳덩이들과 몸을 섞을 생각은 없다.,아무 일도 일어나지 않았다.,,
EVT_F01_LAST_WORDS_BODY,body,EVT_F01_LAST_WORDS,,74,"""제발... 이 고통을 끝내줘..."" 복도 한 켠에 화려한 창에 찔린 병사로 보이는 인물이 있다. ""부디 내 목을 쳐, 이 끝없는 고통을 끝내주시오..."" 그는 내 눈을 보며 사정하고 있었다. ",,창에 찔린 병사가 놓인 복도,
CHOICE_EVT_F01_LAST_WORDS_BEHEAD_TEXT,choiceLabel,EVT_F01_LAST_WORDS,CHOICE_EVT_F01_LAST_WORDS_BEHEAD,75,목을 친다,스태미나 (정신력 관련) 감소 & 유물 획득,,
CHOICE_EVT_F01_LAST_WORDS_BEHEAD_RESULT,resultText,EVT_F01_LAST_WORDS,CHOICE_EVT_F01_LAST_WORDS_BEHEAD,75,"나는 병사의 말 대로 단칼에 병사의 숨을 끊어주었다. ""아아... 고맙소... 고마워..."" 복도를 울리는 감사의 말이 머리를 울렸다. 그 울림에 조금의 현기증을 느끼고 있으니, 병사의 몸은 온데간데 없이 사라졌고, 대신 그 자리에 유물이 놓여 있었다.",스태미나 (정신력 관련) 감소 & 유물 획득,,
CHOICE_EVT_F01_LAST_WORDS_ACTION_76_TEXT,choiceLabel,EVT_F01_LAST_WORDS,CHOICE_EVT_F01_LAST_WORDS_ACTION_76,76,창을 뽑는다,스태미나 (정신력 관련) 감소 & 골드 획득 & 저주 획득,,
CHOICE_EVT_F01_LAST_WORDS_ACTION_76_RESULT,resultText,EVT_F01_LAST_WORDS,CHOICE_EVT_F01_LAST_WORDS_ACTION_76,76,"나는 병사의 몸에 꽂혀 있는 창을 뽑아주었다. ""무슨.. 무슨짓을...!!"" 창이 뽑힌 병사의 몸은 순간 떨리더니 발 끝부터 황금 가루로 흩어지기 시작했다. ""용서하지... 용서하지 않겠다...!! 저주받을 자여!!!"" 병사는 몸이 황금가루로 흩어져 가는 내내  복도가 떠나가도록 나늘 저주했다. 비명과도 같은 저주에 속이 울렁거림을 느끼고 있으니, 병사의 몸은 온데간데 없이 사라졌고, 사금가루와 조금의 골드가 놓여 있었다.",스태미나 (정신력 관련) 감소 & 골드 획득 & 저주 획득,,
EVT_F02_GARDEN_BODY,body,EVT_F02_GARDEN,,78,"이상하리만치, 칙칙한 돌바닥을 풀로 뒤덮은 공간을 발견했다. 물뿌리개나 삽 등 원예 도구들도 보이는데, 아마 이 공간을 관리하는 자는 부재중인 모양이다.",,녹음이 우거진 공간,
CHOICE_EVT_F02_GARDEN_PICK_FLOWER_TEXT,choiceLabel,EVT_F02_GARDEN,CHOICE_EVT_F02_GARDEN_PICK_FLOWER,79,꽃을 딴다,"최대 체력 감소, 강화",,
CHOICE_EVT_F02_GARDEN_PICK_FLOWER_RESULT,resultText,EVT_F02_GARDEN,CHOICE_EVT_F02_GARDEN_PICK_FLOWER,79,"풀숲 사이에 피어난 아름다운 꽃이 눈에 띄어 이를 꺾었다. 순간, 손가락 끝이 화끈 거리더니, 이내 칼에 베인 것 같은 고통에 빠르게 손을 거두었다. 손의 일부가 꽃과 융화 되었다. 이상하게도, 이 상태가 이전의 손 보다 더 내 몸에 잘 맞았다.","최대 체력 감소, 강화",,
CHOICE_EVT_F02_GARDEN_PULL_WEEDS_TEXT,choiceLabel,EVT_F02_GARDEN,CHOICE_EVT_F02_GARDEN_PULL_WEEDS,80,잡초를 뽑는다,체력 소량 감소. 유물 획득,,
CHOICE_EVT_F02_GARDEN_PULL_WEEDS_RESULT,resultText,EVT_F02_GARDEN,CHOICE_EVT_F02_GARDEN_PULL_WEEDS,80,"풀숲 사이에 솟아난 흉측한 잡초를 뽑아냈다. 시간 가는 줄 모르고 잡초를 뽑고 있으니, 손이 얼얼해짐을 느꼈다. '이렇게나 풀을 많이 뽑았다니' 스스로 뽑아낸 엄청난 풀더미에 감탄하고 있는 사이, 풀더미 사이에서 유물을 발견했다. 흙속에 파묻혀 있었던 것일까?",체력 소량 감소. 유물 획득,,
CHOICE_EVT_F02_GARDEN_WALK_TEXT,choiceLabel,EVT_F02_GARDEN,CHOICE_EVT_F02_GARDEN_WALK,81,잠시 걷는다,"체력, 정신력 회복",,
CHOICE_EVT_F02_GARDEN_WALK_RESULT,resultText,EVT_F02_GARDEN,CHOICE_EVT_F02_GARDEN_WALK,81,꽤나 잘 꾸며진 정원을 거닐었다. 향기로운 풀내음에 몸도 마음도 회복되었다.,"체력, 정신력 회복",,
EVT_F02_MERCENARY_OUTPOST_BODY,body,EVT_F02_MERCENARY_OUTPOST,,82,"층을 오르던 한 켠에서 전초기지로 보이는 구조물이 눈에 들어왔다. 구조물의 입구엔 한 눈에 보기에도 굉장히 지쳐보이는 용병이 보초를 서고 있었다. 무해하게 접근하여 대화 해 보니, 이미 이들은 괴멸 직전에 처한 용병단이었다. 물질적인 도움을 받긴 힘들어 보인다. 다만 많은것을 알고 있어보이는데, 무엇을 물어볼까?",,임시 전초기지,( 한 대화 당 3번의 질문 가능. 그 이상은 보초의 피로로 인해 대화 불가)
CHOICE_EVT_F02_MERCENARY_OUTPOST_ASK_LEADER_TEXT,choiceLabel,EVT_F02_MERCENARY_OUTPOST,CHOICE_EVT_F02_MERCENARY_OUTPOST_ASK_LEADER,83,당신들의 대장에 대하여,물러난다. 로 진행,,
CHOICE_EVT_F02_MERCENARY_OUTPOST_ASK_LEADER_RESULT,resultText,EVT_F02_MERCENARY_OUTPOST,CHOICE_EVT_F02_MERCENARY_OUTPOST_ASK_LEADER,83,"(AI대화)(2층 보스 중, 세이건에 대한 정보를 들을 수 있다.)",물러난다. 로 진행,,
CHOICE_EVT_F02_MERCENARY_OUTPOST_ASK_MERCENARIES_TEXT,choiceLabel,EVT_F02_MERCENARY_OUTPOST,CHOICE_EVT_F02_MERCENARY_OUTPOST_ASK_MERCENARIES,84,용병대에 대하여,물러난다. 로 진행,,
CHOICE_EVT_F02_MERCENARY_OUTPOST_ASK_MERCENARIES_RESULT,resultText,EVT_F02_MERCENARY_OUTPOST,CHOICE_EVT_F02_MERCENARY_OUTPOST_ASK_MERCENARIES,84,(AI대화)(붉은 독수리 용병단의 현 상황에 대해 이야기를 들을 수 있다.),물러난다. 로 진행,,
CHOICE_EVT_F02_MERCENARY_OUTPOST_ASK_ADVICE_TEXT,choiceLabel,EVT_F02_MERCENARY_OUTPOST,CHOICE_EVT_F02_MERCENARY_OUTPOST_ASK_ADVICE,85,조언을 구한다,물러난다. 로 진행,,
CHOICE_EVT_F02_MERCENARY_OUTPOST_ASK_ADVICE_RESULT,resultText,EVT_F02_MERCENARY_OUTPOST,CHOICE_EVT_F02_MERCENARY_OUTPOST_ASK_ADVICE,85,(AI대화)(2층에서 나타나는 적들 or 보스에 대한 소문(정확도80%)을 들을 수 있다.),물러난다. 로 진행,,
CHOICE_EVT_F02_MERCENARY_OUTPOST_SMALL_TALK_TEXT,choiceLabel,EVT_F02_MERCENARY_OUTPOST,CHOICE_EVT_F02_MERCENARY_OUTPOST_SMALL_TALK,86,잡담,물러난다. 로 진행,,
CHOICE_EVT_F02_MERCENARY_OUTPOST_SMALL_TALK_RESULT,resultText,EVT_F02_MERCENARY_OUTPOST,CHOICE_EVT_F02_MERCENARY_OUTPOST_SMALL_TALK,86,"(AI대화)(과거, 세계관, 1~4층에 대한 정보를 들을 수 있다.)",물러난다. 로 진행,,
CHOICE_EVT_F02_MERCENARY_OUTPOST_ACTION_87_TEXT,choiceLabel,EVT_F02_MERCENARY_OUTPOST,CHOICE_EVT_F02_MERCENARY_OUTPOST_ACTION_87,87,물러난다.,소량의 골드 획득,,
CHOICE_EVT_F02_MERCENARY_OUTPOST_ACTION_87_RESULT,resultText,EVT_F02_MERCENARY_OUTPOST,CHOICE_EVT_F02_MERCENARY_OUTPOST_ACTION_87,87,"아무래도 이 보초에게서 들을 만 한 정보는 없는 것 같다. // 피곤해 보이는 보초를 뒤로 하고, 발걸음을 돌렸다.

돌아가려 하니, 보초는 잠시 기다려달라 하며 주머니에서 작은 주머니를 나에게 던져주었다. '아무래도 나는 더 이상 쓸 곳이 없을것 같다보니.' 그렇게 말하며, 보초는 손짓으로 나를 배웅 했다.",소량의 골드 획득,,
EVT_F02_BANDIT_DEN_BODY,body,EVT_F02_BANDIT_DEN,,88,"층을 오르던 한 켠에서 나무더미로 얼기설기로 쌓아놓은 구조물이 눈에 들어왔다. 구조물의 입구에서 낡은 옷을 입고 있는 농노와 눈이 마주쳤다. '누구쇼!' 그는 닳아빠진 쇠스랑을 들어올려 나를 위협했다. 이대로 돌아갈 수도 있지만, 저 수상한 구조물 안에서 뭔가를 가져 올 수도 있을 것 같은데. 어떻게 할까?",, 얼기설기 엮어놓은 구조물 더미,"(대화 5번 가능, 그 이상 대화 이어지면 수상함 스택 증가.) (이 보초는 농노 출신으로, 마을의 사정등을 얼핏 소문으로 알고 있으나, 탑에 대한것은 전혀 알지 못한다.)"
CHOICE_EVT_F02_BANDIT_DEN_ACTION_89_TEXT,choiceLabel,EVT_F02_BANDIT_DEN,CHOICE_EVT_F02_BANDIT_DEN_ACTION_89,89, 화술로 무력화 한다.,화술 성공시 : 유물 획득,,
CHOICE_EVT_F02_BANDIT_DEN_ACTION_89_RESULT,resultText,EVT_F02_BANDIT_DEN,CHOICE_EVT_F02_BANDIT_DEN_ACTION_89,89,(AI대화)(높은 신분을 가장하면 쉽게 무력화 할 수 있음)(대화의 여지 없을 시 물리적 싸움으로 전환),화술 성공시 : 유물 획득,,
CHOICE_EVT_F02_BANDIT_DEN_ACTION_90_TEXT,choiceLabel,EVT_F02_BANDIT_DEN,CHOICE_EVT_F02_BANDIT_DEN_ACTION_90,90,골드로 매수한다,,,
CHOICE_EVT_F02_BANDIT_DEN_ACTION_90_RESULT,resultText,EVT_F02_BANDIT_DEN,CHOICE_EVT_F02_BANDIT_DEN_ACTION_90,90,한눈에 보기에도 가난해 보이는 이 자에게 조금의 적선을 베풀었다. 그의 눈이 탐욕으로 일렁이고 있다. 금화를 더 준다면 유용한것을 줄 수 있을지도 모른다고 한다. 어떻게 할까?,,,
CHOICE_EVT_F02_BANDIT_DEN_ACTION_91_TEXT,choiceLabel,EVT_F02_BANDIT_DEN,CHOICE_EVT_F02_BANDIT_DEN_ACTION_91,91,더 많은 골드를 준다,유물 획득,,
CHOICE_EVT_F02_BANDIT_DEN_ACTION_91_RESULT,resultText,EVT_F02_BANDIT_DEN,CHOICE_EVT_F02_BANDIT_DEN_ACTION_91,91,"한눈에 보기에도 두둑한 금화 주머니를 그 자의 손에 얹어줬다. 그 자는 만족스럽게 미소지어보인 후 잠시 기다려보라 한 후, 구조물의 안쪽에서 유물을 하나 건네주었다. 유물을 건네받음과 동시에, 그 자는 '나는 이제 부자다!' 하는 소리와 함께 어둠속으로 사라졌다.",유물 획득,,
CHOICE_EVT_F02_BANDIT_DEN_ACTION_92_TEXT,choiceLabel,EVT_F02_BANDIT_DEN,CHOICE_EVT_F02_BANDIT_DEN_ACTION_92,92,조금의 골드를 준다,50%확률 돈을 더 쥐어준다 선택지 // 50% 확률 더 많은 골드를 준다 선택지,,
CHOICE_EVT_F02_BANDIT_DEN_ACTION_92_RESULT,resultText,EVT_F02_BANDIT_DEN,CHOICE_EVT_F02_BANDIT_DEN_ACTION_92,92,"흠... 이걸로는 좀 부족하지 않습니까?' 그 자는 금화를 쥐어들고는 손을 까딱이며 더 요구하고 있다. 아무래도 금화의 양이 조금 모자란 모양인데, 어떻게 할까?",50%확률 돈을 더 쥐어준다 선택지 // 50% 확률 더 많은 골드를 준다 선택지,,
CHOICE_EVT_F02_BANDIT_DEN_ACTION_93_TEXT,choiceLabel,EVT_F02_BANDIT_DEN,CHOICE_EVT_F02_BANDIT_DEN_ACTION_93,93,돈을 더 쥐어준다,50%확률 돈을 더 쥐어준다 선택지 // 50% 확률 더 많은 골드를 준다 선택지,,
CHOICE_EVT_F02_BANDIT_DEN_ACTION_93_RESULT,resultText,EVT_F02_BANDIT_DEN,CHOICE_EVT_F02_BANDIT_DEN_ACTION_93,93,,50%확률 돈을 더 쥐어준다 선택지 // 50% 확률 더 많은 골드를 준다 선택지,,
CHOICE_EVT_F02_BANDIT_DEN_ATTACK_TEXT,choiceLabel,EVT_F02_BANDIT_DEN,CHOICE_EVT_F02_BANDIT_DEN_ATTACK,94,공격한다,무작위 도적과 전투 // 전투 승리시 골드 반환,,
CHOICE_EVT_F02_BANDIT_DEN_ATTACK_RESULT,resultText,EVT_F02_BANDIT_DEN,CHOICE_EVT_F02_BANDIT_DEN_ATTACK,94,돈을 그렇게 들였는데도 보답이 없다면 돈 말고 다른걸 주도록 해야겠다.,무작위 도적과 전투 // 전투 승리시 골드 반환,,
CHOICE_EVT_F02_BANDIT_DEN_ACTION_95_TEXT,choiceLabel,EVT_F02_BANDIT_DEN,CHOICE_EVT_F02_BANDIT_DEN_ACTION_95,95,돌아간다,골드 손실,,
CHOICE_EVT_F02_BANDIT_DEN_ACTION_95_RESULT,resultText,EVT_F02_BANDIT_DEN,CHOICE_EVT_F02_BANDIT_DEN_ACTION_95,95,크크크... 더 없다면 어쩔 수 없지.' 나는 얌전히 물러나기로 했다. 부족한 사람에게 적선 했다고 치려 한다.,골드 손실,,
CHOICE_EVT_F02_BANDIT_DEN_ACTION_96_TEXT,choiceLabel,EVT_F02_BANDIT_DEN,CHOICE_EVT_F02_BANDIT_DEN_ACTION_96,96,물리적 으로 제압한다.,전투 승리시 : 소량의 골드 획득,,
CHOICE_EVT_F02_BANDIT_DEN_ACTION_96_RESULT,resultText,EVT_F02_BANDIT_DEN,CHOICE_EVT_F02_BANDIT_DEN_ACTION_96,96,이 자는 손쉽게 처리 할 수 있을 것 같다. 망설임은 더이상 필요 없다.,전투 승리시 : 소량의 골드 획득,,
CHOICE_EVT_F02_BANDIT_DEN_ACTION_97_TEXT,choiceLabel,EVT_F02_BANDIT_DEN,CHOICE_EVT_F02_BANDIT_DEN_ACTION_97,97,물러난다.,아무 일도 일어나지 않았다.,,
CHOICE_EVT_F02_BANDIT_DEN_ACTION_97_RESULT,resultText,EVT_F02_BANDIT_DEN,CHOICE_EVT_F02_BANDIT_DEN_ACTION_97,97,괜히 귀찮은 사건들을 더 붙일 필요는 없겠지. 나는 그 장소를 벗어났다.,아무 일도 일어나지 않았다.,,
EVT_F03_ABANDONED_TOMBSTONE_BODY,body,EVT_F03_ABANDONED_TOMBSTONE,,98,"걸음을 바삐 움직이던 중, 복도 한켠에서 장소에 어울리지 않는 묘비를 발견했다. 아마 탑 자체가 뒤틀리며 공간쨰로 떠밀려 온 것으로 보인다. 묘비는 오랜시간 관리가 안 된 듯 낡았고, 이끼와 먼지로 뒤덮여있다.",,버려진 묘비,
CHOICE_EVT_F03_ABANDONED_TOMBSTONE_ACTION_99_TEXT,choiceLabel,EVT_F03_ABANDONED_TOMBSTONE,CHOICE_EVT_F03_ABANDONED_TOMBSTONE_ACTION_99,99,파묘한다,저주 & 골드 획득,,
CHOICE_EVT_F03_ABANDONED_TOMBSTONE_ACTION_99_RESULT,resultText,EVT_F03_ABANDONED_TOMBSTONE,CHOICE_EVT_F03_ABANDONED_TOMBSTONE_ACTION_99,99,"묘비 앞의 흙으로 된 부분을 파헤쳤다. 얼마 지나지 않아 골드를 발견 할 수 있었다. 골드를 획득함과 동시에 땅에서 백골의 손이 솟아올라 나의 팔을 붙잡았다. 어떤 원리인지도 모른 채, 해골손을 뿌리쳤다. 붙잡힌 팔에는 자국이 짙게 남았다. 상당히 불쾌한 기분이다.",저주 & 골드 획득,,
CHOICE_EVT_F03_ABANDONED_TOMBSTONE_ACTION_100_TEXT,choiceLabel,EVT_F03_ABANDONED_TOMBSTONE,CHOICE_EVT_F03_ABANDONED_TOMBSTONE_ACTION_100,100,묘비를 닦는다,강화,,or 묘비를 닦으며 AI 추리 하며 단서 찾기
CHOICE_EVT_F03_ABANDONED_TOMBSTONE_ACTION_100_RESULT,resultText,EVT_F03_ABANDONED_TOMBSTONE,CHOICE_EVT_F03_ABANDONED_TOMBSTONE_ACTION_100,100,"더러운 묘비의 외관을 닦아냈다. 그제서야 묘비의 주인으로 보이는 이름을 알 수 있었다. [모두에게 친절했고, 사랑받았던 페럴레인 2세 이곳에 잠들다] 묘비의 한켠에 작게 새겨져있는 음각을 발견했다. [못난 아비가 미안하다] ... 무슨 이유에서인지. 오장육부가 듫끓는 느낌이 났다.",강화,,or 묘비를 닦으며 AI 추리 하며 단서 찾기
CHOICE_EVT_F03_ABANDONED_TOMBSTONE_ACTION_101_TEXT,choiceLabel,EVT_F03_ABANDONED_TOMBSTONE,CHOICE_EVT_F03_ABANDONED_TOMBSTONE_ACTION_101,101,헌화 한다 (히든),다음단계 유물 획득,,
CHOICE_EVT_F03_ABANDONED_TOMBSTONE_ACTION_101_RESULT,resultText,EVT_F03_ABANDONED_TOMBSTONE,CHOICE_EVT_F03_ABANDONED_TOMBSTONE_ACTION_101,101,"마침 가지고 있던 자그마한 꽃을 묘비 앞에 헌화했다. 얼마 있지 않아 꽃이 한순간 빛을 발하며 사라지더니, 묘비의 장식이 떨어져 그 자리를 대신했다. 많은 풍파를 거친 묘비에서 떨어진 새것과도 같은 장식에 수상함을 느끼면서도, 이를 챙겨가기로 결심했다.",다음단계 유물 획득,,
EVT_F03_LIBRARY_BODY,body,EVT_F03_LIBRARY,,103,"정처없이 걸어가다보니, 손에는 두껍고 검은 책이 들려있었고, 주변이 책장으로 가득 찬 서고에 도착했다. 서고의 한 가운데에 사서로 보이는 자가 앉아 있다. 사서는 (손을 펼쳐 휘휘 젓고있다 / 손가락을 자신쪽으로 까딱이고 있다 / 책장쪽으로 손가락질을 하고있다). 무엇인가 원하는 것이 있는걸까?",,왕실 서고,지문 읽고 사서가 원하는 바 맞추기
CHOICE_EVT_F03_LIBRARY_ACTION_104_TEXT,choiceLabel,EVT_F03_LIBRARY,CHOICE_EVT_F03_LIBRARY_ACTION_104,104,돌아 나간다,성공시 : 유물 획득,,손을 펼쳐 휘휘 젓고있다
CHOICE_EVT_F03_LIBRARY_ACTION_104_RESULT,resultText,EVT_F03_LIBRARY,CHOICE_EVT_F03_LIBRARY_ACTION_104,104,"... 아마 이 책과 함께 나가라는 뜻 이겠지. 하고 발걸음을 돌려 나가니, 어느순간 손에는 본 적 없던 유물이 들려 있었다.",성공시 : 유물 획득,,손을 펼쳐 휘휘 젓고있다
CHOICE_EVT_F03_LIBRARY_ACTION_105_TEXT,choiceLabel,EVT_F03_LIBRARY,CHOICE_EVT_F03_LIBRARY_ACTION_105,105,책을 반납한다,성공시 : 유물 획득,,손가락을 자신쪽으로 까딱이고 있다
CHOICE_EVT_F03_LIBRARY_ACTION_105_RESULT,resultText,EVT_F03_LIBRARY,CHOICE_EVT_F03_LIBRARY_ACTION_105,105,"... 이 책을 가져다 달라는 뜻인가? 책을 사서가 앉아있는 테이블 앞에 놓으니, 방금까지 있었던 장소가 신기루였던 것 처럼 사라졌다. 정신을 차려보니, 손에는 본 적 없던 유물이 들려 있었다.",성공시 : 유물 획득,,손가락을 자신쪽으로 까딱이고 있다
CHOICE_EVT_F03_LIBRARY_ACTION_106_TEXT,choiceLabel,EVT_F03_LIBRARY,CHOICE_EVT_F03_LIBRARY_ACTION_106,106,책을 책장에 꽂는다,성공시 : 유물 획득,,책장쪽으로 손가락질을 하고있다
CHOICE_EVT_F03_LIBRARY_ACTION_106_RESULT,resultText,EVT_F03_LIBRARY,CHOICE_EVT_F03_LIBRARY_ACTION_106,106,"... 저 곳에 꽂아놓으라는 뜻인가? 하고, 사서가 가리킨 곳에 책을 꽂아넣으니, 방금까지 있었던 장소가 신기루였던 것 처럼 사라졌다. 정신을 차려보니, 손에는 본 적 없던 유물이 들려 있었다.",성공시 : 유물 획득,,책장쪽으로 손가락질을 하고있다
CHOICE_EVT_F03_LIBRARY_ACTION_107_TEXT,choiceLabel,EVT_F03_LIBRARY,CHOICE_EVT_F03_LIBRARY_ACTION_107,107,오답,"실패 시, 스태미나,정신력 등 감소",,
CHOICE_EVT_F03_LIBRARY_ACTION_107_RESULT,resultText,EVT_F03_LIBRARY,CHOICE_EVT_F03_LIBRARY_ACTION_107,107,"... 아무래도 이건 사서가 원했던 바가 아니었나보다. 썰물이 빠져나가듯, 나는 순식간에 서고 바깥으로 밀려나갔다.","실패 시, 스태미나,정신력 등 감소",,
EVT_F03_POLTERGEIST_BODY,body,EVT_F03_POLTERGEIST,,108,"발걸음을 옮기던 우리는 유독 싸늘한 창고를 발견했다. 창고를 열고 들어가자 세 유령이 우리를 맞이했다.  그들은 액자의 유령, 책상의 유령, 화병의 유령이었으며, 그들은 나에게 고요히 속삭였다. 액자는 나의 힘을, 책상은 유연한 사고를, 화병은 부유함을 약속했다. 누구의 말을 들어주는것이 좋을까?",,물건들이 떠다니는 창고,
CHOICE_EVT_F03_POLTERGEIST_ACTION_109_TEXT,choiceLabel,EVT_F03_POLTERGEIST,CHOICE_EVT_F03_POLTERGEIST_ACTION_109,109,액자를 조사한다,강화,,
CHOICE_EVT_F03_POLTERGEIST_ACTION_109_RESULT,resultText,EVT_F03_POLTERGEIST,CHOICE_EVT_F03_POLTERGEIST_ACTION_109,109,,강화,,
CHOICE_EVT_F03_POLTERGEIST_ACTION_110_TEXT,choiceLabel,EVT_F03_POLTERGEIST,CHOICE_EVT_F03_POLTERGEIST_ACTION_110,110,책상을 조사한다,버프,,
CHOICE_EVT_F03_POLTERGEIST_ACTION_110_RESULT,resultText,EVT_F03_POLTERGEIST,CHOICE_EVT_F03_POLTERGEIST_ACTION_110,110,,버프,,
CHOICE_EVT_F03_POLTERGEIST_ACTION_111_TEXT,choiceLabel,EVT_F03_POLTERGEIST,CHOICE_EVT_F03_POLTERGEIST_ACTION_111,111,화병을 조사한다,골드 획득,,
CHOICE_EVT_F03_POLTERGEIST_ACTION_111_RESULT,resultText,EVT_F03_POLTERGEIST,CHOICE_EVT_F03_POLTERGEIST_ACTION_111,111,,골드 획득,,
EVT_F04_SACRIFICE_BODY,body,EVT_F04_SACRIFICE,,112,"이 방은 아무래도 사술을 이용한 연금학이 이뤄진 장소와도 같아 보인다. 곳곳이 배치된 쇠창살 감옥 안으로 죽은 동물들의 사체나 아사 직전의 사람들이 보인다. 그 중 하나가 창살 밖으로 공허히 손을 휘젓고 있다. 이성은 날아갔으며, 오로지 탈출만을 위한 의지만이 남아있는 듯 하다. 살아도 산 것이 아닐텐데, 이 자를 어떻게 하면 좋을까?",,감옥,
CHOICE_EVT_F04_SACRIFICE_ACTION_113_TEXT,choiceLabel,EVT_F04_SACRIFICE,CHOICE_EVT_F04_SACRIFICE_ACTION_113,113,사로잡는다,특별한 디버프 획득 (노예),,
CHOICE_EVT_F04_SACRIFICE_ACTION_113_RESULT,resultText,EVT_F04_SACRIFICE,CHOICE_EVT_F04_SACRIFICE_ACTION_113,113,,특별한 디버프 획득 (노예),,
CHOICE_EVT_F04_SACRIFICE_ACTION_114_TEXT,choiceLabel,EVT_F04_SACRIFICE,CHOICE_EVT_F04_SACRIFICE_ACTION_114,114,처치한다,강화 & 작은 디버프,,
CHOICE_EVT_F04_SACRIFICE_ACTION_114_RESULT,resultText,EVT_F04_SACRIFICE,CHOICE_EVT_F04_SACRIFICE_ACTION_114,114,,강화 & 작은 디버프,,
CHOICE_EVT_F04_SACRIFICE_ACTION_115_TEXT,choiceLabel,EVT_F04_SACRIFICE,CHOICE_EVT_F04_SACRIFICE_ACTION_115,115,풀어준다,아무 일도 일어나지 않았다.,,
CHOICE_EVT_F04_SACRIFICE_ACTION_115_RESULT,resultText,EVT_F04_SACRIFICE,CHOICE_EVT_F04_SACRIFICE_ACTION_115,115,,아무 일도 일어나지 않았다.,,
EVT_F04_HAUNTED_ARMORY_BODY,body,EVT_F04_HAUNTED_ARMORY,,116,"이 곳은 무기고인 듯 하다. 창고의 온 사방이 냉병기와 열병기로 가득 차 있으며, 무기들 사이에서 피어오르는 싸늘한 기운에 고개를 돌려보니, 무기들이 스스로 공명하며 저마다 ""나를 집어라. 나를 사용해라. 나로 피를 흘려라"" 아우성치고 있다. 무엇을 고르는것이 좋을까?",,무기고,
CHOICE_EVT_F04_HAUNTED_ARMORY_ACTION_117_TEXT,choiceLabel,EVT_F04_HAUNTED_ARMORY,CHOICE_EVT_F04_HAUNTED_ARMORY_ACTION_117,117,냉병기를 찾아본다,강화 위주,,
CHOICE_EVT_F04_HAUNTED_ARMORY_ACTION_117_RESULT,resultText,EVT_F04_HAUNTED_ARMORY,CHOICE_EVT_F04_HAUNTED_ARMORY_ACTION_117,117,,강화 위주,,
CHOICE_EVT_F04_HAUNTED_ARMORY_ACTION_118_TEXT,choiceLabel,EVT_F04_HAUNTED_ARMORY,CHOICE_EVT_F04_HAUNTED_ARMORY_ACTION_118,118,검,강화,,
CHOICE_EVT_F04_HAUNTED_ARMORY_ACTION_118_RESULT,resultText,EVT_F04_HAUNTED_ARMORY,CHOICE_EVT_F04_HAUNTED_ARMORY_ACTION_118,118,,강화,,
CHOICE_EVT_F04_HAUNTED_ARMORY_ACTION_119_TEXT,choiceLabel,EVT_F04_HAUNTED_ARMORY,CHOICE_EVT_F04_HAUNTED_ARMORY_ACTION_119,119,철퇴,유물 강화,,
CHOICE_EVT_F04_HAUNTED_ARMORY_ACTION_119_RESULT,resultText,EVT_F04_HAUNTED_ARMORY,CHOICE_EVT_F04_HAUNTED_ARMORY_ACTION_119,119,,유물 강화,,
CHOICE_EVT_F04_HAUNTED_ARMORY_ACTION_120_TEXT,choiceLabel,EVT_F04_HAUNTED_ARMORY,CHOICE_EVT_F04_HAUNTED_ARMORY_ACTION_120,120,열병기를 찾아본다,버프 위주,,
CHOICE_EVT_F04_HAUNTED_ARMORY_ACTION_120_RESULT,resultText,EVT_F04_HAUNTED_ARMORY,CHOICE_EVT_F04_HAUNTED_ARMORY_ACTION_120,120,,버프 위주,,
CHOICE_EVT_F04_HAUNTED_ARMORY_ACTION_121_TEXT,choiceLabel,EVT_F04_HAUNTED_ARMORY,CHOICE_EVT_F04_HAUNTED_ARMORY_ACTION_121,121,화승총,데미지 강화 버프,,
CHOICE_EVT_F04_HAUNTED_ARMORY_ACTION_121_RESULT,resultText,EVT_F04_HAUNTED_ARMORY,CHOICE_EVT_F04_HAUNTED_ARMORY_ACTION_121,121,,데미지 강화 버프,,
CHOICE_EVT_F04_HAUNTED_ARMORY_ACTION_122_TEXT,choiceLabel,EVT_F04_HAUNTED_ARMORY,CHOICE_EVT_F04_HAUNTED_ARMORY_ACTION_122,122,화약단지,체력 강화 버프,,
CHOICE_EVT_F04_HAUNTED_ARMORY_ACTION_122_RESULT,resultText,EVT_F04_HAUNTED_ARMORY,CHOICE_EVT_F04_HAUNTED_ARMORY_ACTION_122,122,,체력 강화 버프,,
EVT_F04_CULT_LEADER_BODY,body,EVT_F04_CULT_LEADER,,124,"한 눈에 알 수 있다. 많은 방과 복도를 돌아다녀봤지만, 이 자는 사교도들의 우두머리인 사교주가 분명하다. 사교주 또한 나의 존재를 인지 했는지, 천천히 입을 열어 한마디를 꺼냈다. ""나의 믿음의 주인으로부터 계시가 내려왔노라. 그대는 귀를 열어 들을진저.""",,복도,"사교도장 NPC
event_Cultist_Priest"
CHOICE_EVT_F04_CULT_LEADER_ACTION_125_TEXT,choiceLabel,EVT_F04_CULT_LEADER,CHOICE_EVT_F04_CULT_LEADER_ACTION_125,125,무엇을 믿는지 묻는다,"보스 ""불완전한 부름"" 약화 (만약 보스라면)",,
CHOICE_EVT_F04_CULT_LEADER_ACTION_125_RESULT,resultText,EVT_F04_CULT_LEADER,CHOICE_EVT_F04_CULT_LEADER_ACTION_125,125,,"보스 ""불완전한 부름"" 약화 (만약 보스라면)",,
CHOICE_EVT_F04_CULT_LEADER_ACTION_126_TEXT,choiceLabel,EVT_F04_CULT_LEADER,CHOICE_EVT_F04_CULT_LEADER_ACTION_126,126,계시를 듣는다,강화,,
CHOICE_EVT_F04_CULT_LEADER_ACTION_126_RESULT,resultText,EVT_F04_CULT_LEADER,CHOICE_EVT_F04_CULT_LEADER_ACTION_126,126,,강화,,
CHOICE_EVT_F04_CULT_LEADER_ACTION_127_TEXT,choiceLabel,EVT_F04_CULT_LEADER,CHOICE_EVT_F04_CULT_LEADER_ACTION_127,127,모독한다,"즉시 보스전 ""불완전한 부름"" 실시. 승리 시 강력한 유물.",,
CHOICE_EVT_F04_CULT_LEADER_ACTION_127_RESULT,resultText,EVT_F04_CULT_LEADER,CHOICE_EVT_F04_CULT_LEADER_ACTION_127,127,,"즉시 보스전 ""불완전한 부름"" 실시. 승리 시 강력한 유물.",,
CHOICE_EVT_F04_CULT_LEADER_ACTION_128_TEXT,choiceLabel,EVT_F04_CULT_LEADER,CHOICE_EVT_F04_CULT_LEADER_ACTION_128,128,나는 아무것도 믿지 않는다,"보스 ""불완전한 부름"" 강화 (만약 보스라면) & 유물 획득",,
CHOICE_EVT_F04_CULT_LEADER_ACTION_128_RESULT,resultText,EVT_F04_CULT_LEADER,CHOICE_EVT_F04_CULT_LEADER_ACTION_128,128,,"보스 ""불완전한 부름"" 강화 (만약 보스라면) & 유물 획득",,
EVT_F04_FORBIDDEN_BOOK_BODY,body,EVT_F04_FORBIDDEN_BOOK,,129,...읽고싶다는 충동이 들었다. 무엇을 읽고싶은지 인식 할 새도 없이. 나는 회랑 한 가운데 거대한 책이 사슬로 묶여있음을 발견했다. 사슬은 방해되지 않는다. 나는 책을 읽을 수 있다. 책을 읽을까? ,,방 한가운데 책이 사슬로 봉인 돼 있음,
CHOICE_EVT_F04_FORBIDDEN_BOOK_ACTION_130_TEXT,choiceLabel,EVT_F04_FORBIDDEN_BOOK,CHOICE_EVT_F04_FORBIDDEN_BOOK_ACTION_130,130,책을 펼쳐본다,50% 축복 책,,
CHOICE_EVT_F04_FORBIDDEN_BOOK_ACTION_130_RESULT,resultText,EVT_F04_FORBIDDEN_BOOK,CHOICE_EVT_F04_FORBIDDEN_BOOK_ACTION_130,130,,50% 축복 책,,
CHOICE_EVT_F04_FORBIDDEN_BOOK_ACTION_131_TEXT,choiceLabel,EVT_F04_FORBIDDEN_BOOK,CHOICE_EVT_F04_FORBIDDEN_BOOK_ACTION_131,131,책을 펼쳐본다,50% 저주 책 ,,
CHOICE_EVT_F04_FORBIDDEN_BOOK_ACTION_131_RESULT,resultText,EVT_F04_FORBIDDEN_BOOK,CHOICE_EVT_F04_FORBIDDEN_BOOK_ACTION_131,131,,50% 저주 책 ,,
CHOICE_EVT_F04_FORBIDDEN_BOOK_IGNORE_TEXT,choiceLabel,EVT_F04_FORBIDDEN_BOOK,CHOICE_EVT_F04_FORBIDDEN_BOOK_IGNORE,132,무시한다,아무일도 일어나지 않았다.,,
CHOICE_EVT_F04_FORBIDDEN_BOOK_IGNORE_RESULT,resultText,EVT_F04_FORBIDDEN_BOOK,CHOICE_EVT_F04_FORBIDDEN_BOOK_IGNORE,132,,아무일도 일어나지 않았다.,,
EVT_F04_RITUAL_ALTAR_BODY,body,EVT_F04_RITUAL_ALTAR,,133,"요란하게 의식이 치뤄진듯 한 제단이 있는 방. 곳곳에서 악취가 피어오르는 불쾌한 장소에 도착했다. 아마 무엇인가 바칠수 있을 것 같다. 어디의 누구에게 바쳐지는지는 모르겠지만, 어쨋든 바칠 수 있다.",,제단과 촛불,제물 이벤트와 연계 가능
CHOICE_EVT_F04_RITUAL_ALTAR_ACTION_134_TEXT,choiceLabel,EVT_F04_RITUAL_ALTAR,CHOICE_EVT_F04_RITUAL_ALTAR_ACTION_134,134,바친다,"조력자의 체력, 호감도 대폭 감소, 강력한 유물 획득",,
CHOICE_EVT_F04_RITUAL_ALTAR_ACTION_134_RESULT,resultText,EVT_F04_RITUAL_ALTAR,CHOICE_EVT_F04_RITUAL_ALTAR_ACTION_134,134,,"조력자의 체력, 호감도 대폭 감소, 강력한 유물 획득",,
CHOICE_EVT_F04_RITUAL_ALTAR_ACTION_135_TEXT,choiceLabel,EVT_F04_RITUAL_ALTAR,CHOICE_EVT_F04_RITUAL_ALTAR_ACTION_135,135,바쳐진다,"체력 대폭 감소, 강력한 유물 획득",,
CHOICE_EVT_F04_RITUAL_ALTAR_ACTION_135_RESULT,resultText,EVT_F04_RITUAL_ALTAR,CHOICE_EVT_F04_RITUAL_ALTAR_ACTION_135,135,                ,"체력 대폭 감소, 강력한 유물 획득",,
CHOICE_EVT_F04_RITUAL_ALTAR_ACTION_136_TEXT,choiceLabel,EVT_F04_RITUAL_ALTAR,CHOICE_EVT_F04_RITUAL_ALTAR_ACTION_136,136,제물 올리기 (히든),강력한 유물 획득 + 특별한 디버프 (노예) 제거,,
CHOICE_EVT_F04_RITUAL_ALTAR_ACTION_136_RESULT,resultText,EVT_F04_RITUAL_ALTAR,CHOICE_EVT_F04_RITUAL_ALTAR_ACTION_136,136,,강력한 유물 획득 + 특별한 디버프 (노예) 제거,,
EVT_F04_LIFE_CREATION_BODY,body,EVT_F04_LIFE_CREATION,,137,"보글보글. 거품이 끓고 있는 소리가 잦은 이 방은. 알 수 없는 액체로 가득 찬 거대한 시험관들이 방의 벽을 둘러 싸고 있다. 이 시험관에서 뻗어나온 통로로 끝없이 미상의 용액들이 흘러가고 있고, 그 끝인 방 한 가운데의 장치는 이따금 증기를 내뿜으며, 펌프질을 하고 있다. 아무래도 동력으로 보인다. 기묘함은 곧 이 시험관 안에 있는것이 사람임을 알아채자 혐오감으로 바뀌었고, 이 장소를 파괴해야 한다는 강박을 불러왔다. 어디부터 파괴할까?",,실험실,
CHOICE_EVT_F04_LIFE_CREATION_ACTION_138_TEXT,choiceLabel,EVT_F04_LIFE_CREATION,CHOICE_EVT_F04_LIFE_CREATION_ACTION_138,138,시험관을 파괴한다,최대 체력 감소 & 버프,,
CHOICE_EVT_F04_LIFE_CREATION_ACTION_138_RESULT,resultText,EVT_F04_LIFE_CREATION,CHOICE_EVT_F04_LIFE_CREATION_ACTION_138,138,,최대 체력 감소 & 버프,,
CHOICE_EVT_F04_LIFE_CREATION_ACTION_139_TEXT,choiceLabel,EVT_F04_LIFE_CREATION,CHOICE_EVT_F04_LIFE_CREATION_ACTION_139,139,동력을 차단한다,"보스전 시작 시, 보스에게 특수 디버프",,
CHOICE_EVT_F04_LIFE_CREATION_ACTION_139_RESULT,resultText,EVT_F04_LIFE_CREATION,CHOICE_EVT_F04_LIFE_CREATION_ACTION_139,139,,"보스전 시작 시, 보스에게 특수 디버프",,
CHOICE_EVT_F04_LIFE_CREATION_ACTION_140_TEXT,choiceLabel,EVT_F04_LIFE_CREATION,CHOICE_EVT_F04_LIFE_CREATION_ACTION_140,140,통로를 파괴한다,해당 층 몹 디버프,,
CHOICE_EVT_F04_LIFE_CREATION_ACTION_140_RESULT,resultText,EVT_F04_LIFE_CREATION,CHOICE_EVT_F04_LIFE_CREATION_ACTION_140,140,,해당 층 몹 디버프,,
EVT_F05_OATH_OF_LOYALTY_BODY,body,EVT_F05_OATH_OF_LOYALTY,,142,"왕좌 앞, 기사의 맹세를 올렸을 이 장소는 이제 어느 인기척 조차 찾을 수 없이 빛바래가고 있다. 나였다면 누구에게 충성을 바쳤을까.",,왕좌 앞 기사 서약식,
CHOICE_EVT_F05_OATH_OF_LOYALTY_KING_TEXT,choiceLabel,EVT_F05_OATH_OF_LOYALTY,CHOICE_EVT_F05_OATH_OF_LOYALTY_KING,143,왕,"특별한 유물 획득, 저주 획득",,
CHOICE_EVT_F05_OATH_OF_LOYALTY_KING_RESULT,resultText,EVT_F05_OATH_OF_LOYALTY,CHOICE_EVT_F05_OATH_OF_LOYALTY_KING,143,,"특별한 유물 획득, 저주 획득",,
CHOICE_EVT_F05_OATH_OF_LOYALTY_KINGDOM_TEXT,choiceLabel,EVT_F05_OATH_OF_LOYALTY,CHOICE_EVT_F05_OATH_OF_LOYALTY_KINGDOM,144,왕국,"특별한 유물 획득, 저주 획득",,
CHOICE_EVT_F05_OATH_OF_LOYALTY_KINGDOM_RESULT,resultText,EVT_F05_OATH_OF_LOYALTY,CHOICE_EVT_F05_OATH_OF_LOYALTY_KINGDOM,144,,"특별한 유물 획득, 저주 획득",,
EVT_F05_CRADLE_OF_OUTER_GODS_BODY,body,EVT_F05_CRADLE_OF_OUTER_GODS,,145,"우주에서 비쳐들어오는 눈부신 휘광, 사방에서 솟구쳐 올라오는 태양을 머금은 노란 크리스탈. 그 한 가운데에는 초월적인 존재가 친히 공간을 헤집어 존재들의 일부를 보여주고 있다. ",,공간째로 깨져 우주가 비쳐 보이는 방 한가운데 환하게 빛나는 무언가.,
CHOICE_EVT_F05_CRADLE_OF_OUTER_GODS_PASS_TEXT,choiceLabel,EVT_F05_CRADLE_OF_OUTER_GODS,CHOICE_EVT_F05_CRADLE_OF_OUTER_GODS_PASS,146,지나친다,아무 일도 일어나지 않았다,,
CHOICE_EVT_F05_CRADLE_OF_OUTER_GODS_PASS_RESULT,resultText,EVT_F05_CRADLE_OF_OUTER_GODS,CHOICE_EVT_F05_CRADLE_OF_OUTER_GODS_PASS,146,,아무 일도 일어나지 않았다,,
CHOICE_EVT_F05_CRADLE_OF_OUTER_GODS_WATCH_STARS_TEXT,choiceLabel,EVT_F05_CRADLE_OF_OUTER_GODS,CHOICE_EVT_F05_CRADLE_OF_OUTER_GODS_WATCH_STARS,147,별을 바라본다,,,
CHOICE_EVT_F05_CRADLE_OF_OUTER_GODS_WATCH_STARS_RESULT,resultText,EVT_F05_CRADLE_OF_OUTER_GODS,CHOICE_EVT_F05_CRADLE_OF_OUTER_GODS_WATCH_STARS,147,,,,
CHOICE_EVT_F05_CRADLE_OF_OUTER_GODS_BEAUTIFUL_TEXT,choiceLabel,EVT_F05_CRADLE_OF_OUTER_GODS,CHOICE_EVT_F05_CRADLE_OF_OUTER_GODS_BEAUTIFUL,148,아름답다,"체력 회복, 강화, 버프, 저주",,
CHOICE_EVT_F05_CRADLE_OF_OUTER_GODS_BEAUTIFUL_RESULT,resultText,EVT_F05_CRADLE_OF_OUTER_GODS,CHOICE_EVT_F05_CRADLE_OF_OUTER_GODS_BEAUTIFUL,148,,"체력 회복, 강화, 버프, 저주",,
CHOICE_EVT_F05_CRADLE_OF_OUTER_GODS_UGLY_TEXT,choiceLabel,EVT_F05_CRADLE_OF_OUTER_GODS,CHOICE_EVT_F05_CRADLE_OF_OUTER_GODS_UGLY,149,추하다,"체력 감소, 유물 획득",,
CHOICE_EVT_F05_CRADLE_OF_OUTER_GODS_UGLY_RESULT,resultText,EVT_F05_CRADLE_OF_OUTER_GODS,CHOICE_EVT_F05_CRADLE_OF_OUTER_GODS_UGLY,149,,"체력 감소, 유물 획득",,
EVT_F05_ANCIENT_SEED_BODY,body,EVT_F05_ANCIENT_SEED,,150,"갑작스레 나를 습격 해 오는 사교도 하나를 헤치우니, 그 자에게서 신체 일부 중 하나가 떨어져 나왔다. 자세히 보니, 이것은 신체의 일부가 아닌, 작은 심장처럼 생긴 고기덩어리이다. 이 육편은 은은하게 고동치고 있다. 직감적으로, 이것은 고대신의 일부를 이루고 있는 ""씨앗"" 임을 알 수 있었다. 이를 섭취하거나 사교도 처럼 신체에 심는다면...",,손바닥 위의 고기덩어리 모양 씨앗,
CHOICE_EVT_F05_ANCIENT_SEED_EAT_TEXT,choiceLabel,EVT_F05_ANCIENT_SEED,CHOICE_EVT_F05_ANCIENT_SEED_EAT,151,먹는다,"최대 체력 감소 , 체력 최대 회복",,
CHOICE_EVT_F05_ANCIENT_SEED_EAT_RESULT,resultText,EVT_F05_ANCIENT_SEED,CHOICE_EVT_F05_ANCIENT_SEED_EAT,151,,"최대 체력 감소 , 체력 최대 회복",,
CHOICE_EVT_F05_ANCIENT_SEED_DISCARD_TEXT,choiceLabel,EVT_F05_ANCIENT_SEED,CHOICE_EVT_F05_ANCIENT_SEED_DISCARD,152,버린다,스태미나 감소,,
CHOICE_EVT_F05_ANCIENT_SEED_DISCARD_RESULT,resultText,EVT_F05_ANCIENT_SEED,CHOICE_EVT_F05_ANCIENT_SEED_DISCARD,152,,스태미나 감소,,
CHOICE_EVT_F05_ANCIENT_SEED_PLANT_TEXT,choiceLabel,EVT_F05_ANCIENT_SEED,CHOICE_EVT_F05_ANCIENT_SEED_PLANT,153,심는다,,,
CHOICE_EVT_F05_ANCIENT_SEED_PLANT_RESULT,resultText,EVT_F05_ANCIENT_SEED,CHOICE_EVT_F05_ANCIENT_SEED_PLANT,153,,,,
CHOICE_EVT_F05_ANCIENT_SEED_HEAD_TEXT,choiceLabel,EVT_F05_ANCIENT_SEED,CHOICE_EVT_F05_ANCIENT_SEED_HEAD,154,머리에,"최대 체력 감소, 강화",,
CHOICE_EVT_F05_ANCIENT_SEED_HEAD_RESULT,resultText,EVT_F05_ANCIENT_SEED,CHOICE_EVT_F05_ANCIENT_SEED_HEAD,154,,"최대 체력 감소, 강화",,
CHOICE_EVT_F05_ANCIENT_SEED_HEART_TEXT,choiceLabel,EVT_F05_ANCIENT_SEED,CHOICE_EVT_F05_ANCIENT_SEED_HEART,155,심장에,"최대 체력 감소, 유물 획득",,
CHOICE_EVT_F05_ANCIENT_SEED_HEART_RESULT,resultText,EVT_F05_ANCIENT_SEED,CHOICE_EVT_F05_ANCIENT_SEED_HEART,155,,"최대 체력 감소, 유물 획득",,
CHOICE_EVT_F05_ANCIENT_SEED_LEG_TEXT,choiceLabel,EVT_F05_ANCIENT_SEED,CHOICE_EVT_F05_ANCIENT_SEED_LEG,156,다리에,"최대 체력 감소, 버프",,
CHOICE_EVT_F05_ANCIENT_SEED_LEG_RESULT,resultText,EVT_F05_ANCIENT_SEED,CHOICE_EVT_F05_ANCIENT_SEED_LEG,156,,"최대 체력 감소, 버프",,
EVT_F05_INQUISITION_BODY,body,EVT_F05_INQUISITION,,157,"복도의 반대편에서 환한 무엇인가가 길을 막고 서 있었다. 더 가까이 다가가 보니, 이단심문관으로 보이는 자가 검을 붉게 물들인 채 심문선언서를 읽고 있었다. 투구 안쪽으로 비쳐보이는 악에 받힌 눈빛은, 우리까지 이단으로 간주하여 정화 할 생각이라는것을 투명히 알 수 있었다. 어떻게 할까. ",,,"(2번의 대화 기회, 강력한 증거 제시 못 할 시 설득 실패)
이단 심판
event_inquisitor"
CHOICE_EVT_F05_INQUISITION_SILENCE_TEXT,choiceLabel,EVT_F05_INQUISITION,CHOICE_EVT_F05_INQUISITION_SILENCE,158,침묵한다,아무 일도 일어나지 않았다.,,
CHOICE_EVT_F05_INQUISITION_SILENCE_RESULT,resultText,EVT_F05_INQUISITION,CHOICE_EVT_F05_INQUISITION_SILENCE,158,,아무 일도 일어나지 않았다.,,
CHOICE_EVT_F05_INQUISITION_WITHDRAW_TEXT,choiceLabel,EVT_F05_INQUISITION,CHOICE_EVT_F05_INQUISITION_WITHDRAW,159,도망간다,"최대 체력 감소, 스태미나 감소, 노드 변경",,
CHOICE_EVT_F05_INQUISITION_WITHDRAW_RESULT,resultText,EVT_F05_INQUISITION,CHOICE_EVT_F05_INQUISITION_WITHDRAW,159,,"최대 체력 감소, 스태미나 감소, 노드 변경",,
CHOICE_EVT_F05_INQUISITION_PERSUADE_TEXT,choiceLabel,EVT_F05_INQUISITION,CHOICE_EVT_F05_INQUISITION_PERSUADE,160,설득,성공시 유물 획득 // 실패시 체력 감소,,
CHOICE_EVT_F05_INQUISITION_PERSUADE_RESULT,resultText,EVT_F05_INQUISITION,CHOICE_EVT_F05_INQUISITION_PERSUADE,160,(AI대화)(유물 특정 갯수 이상 보유 시 설득 보너스),성공시 유물 획득 // 실패시 체력 감소,,
EVT_F05_FULL_PREPARATION_BODY,body,EVT_F05_FULL_PREPARATION,,161,"이제. 결말이 코 앞에 다가왔음이 느껴진다. 필요한 준비를 마친 후, 끝을 마주하리라.",,,
CHOICE_EVT_F05_FULL_PREPARATION_COMPOSE_MIND_TEXT,choiceLabel,EVT_F05_FULL_PREPARATION,CHOICE_EVT_F05_FULL_PREPARATION_COMPOSE_MIND,162,정신을 갈무리한다,강화,,
CHOICE_EVT_F05_FULL_PREPARATION_COMPOSE_MIND_RESULT,resultText,EVT_F05_FULL_PREPARATION,CHOICE_EVT_F05_FULL_PREPARATION_COMPOSE_MIND,162,,강화,,
CHOICE_EVT_F05_FULL_PREPARATION_INVESTIGATE_TEXT,choiceLabel,EVT_F05_FULL_PREPARATION,CHOICE_EVT_F05_FULL_PREPARATION_INVESTIGATE,163,주변을 조사해본다,유물 획득,,
CHOICE_EVT_F05_FULL_PREPARATION_INVESTIGATE_RESULT,resultText,EVT_F05_FULL_PREPARATION,CHOICE_EVT_F05_FULL_PREPARATION_INVESTIGATE,163,,유물 획득,,
CHOICE_EVT_F05_FULL_PREPARATION_ASK_SHORT_ADVICE_TEXT,choiceLabel,EVT_F05_FULL_PREPARATION,CHOICE_EVT_F05_FULL_PREPARATION_ASK_SHORT_ADVICE,164, 짧은 조언을 구한다,마타이오스 버프 & 호감도 상승,,
CHOICE_EVT_F05_FULL_PREPARATION_ASK_SHORT_ADVICE_RESULT,resultText,EVT_F05_FULL_PREPARATION,CHOICE_EVT_F05_FULL_PREPARATION_ASK_SHORT_ADVICE,164,(마타이오스와 AI 대화 3회),마타이오스 버프 & 호감도 상승,,
EVT_F01_CULTIST_FUNERAL_BODY,body,EVT_F01_CULTIST_FUNERAL,,166,"이곳은 순교한 사교도들을 위한 장례식장인 모양이다. 엮이지 않기 위해 위장하여 조용히 지나가려 했으나, '형제님. 어려운 상황에 자리 해 주셔서 진심으로 감사드립니다.' 하며 나를 붙잡는 사교도 때문에 길이 막혔다. 위장 덕분에 못알아 챈 듯 하나, 이대로 자리를 벗어나기는 힘들어 보인다. 어떻게 할까.",,,
CHOICE_EVT_F01_CULTIST_FUNERAL_DONATE_TEXT,choiceLabel,EVT_F01_CULTIST_FUNERAL,CHOICE_EVT_F01_CULTIST_FUNERAL_DONATE,167,부조금을 전한다,골드 소량 감소,,
CHOICE_EVT_F01_CULTIST_FUNERAL_DONATE_RESULT,resultText,EVT_F01_CULTIST_FUNERAL,CHOICE_EVT_F01_CULTIST_FUNERAL_DONATE,167,,골드 소량 감소,,
CHOICE_EVT_F01_CULTIST_FUNERAL_GREET_POLITELY_TEXT,choiceLabel,EVT_F01_CULTIST_FUNERAL,CHOICE_EVT_F01_CULTIST_FUNERAL_GREET_POLITELY,168,안녕인사를 공손히 전한다,,,
CHOICE_EVT_F01_CULTIST_FUNERAL_GREET_POLITELY_RESULT,resultText,EVT_F01_CULTIST_FUNERAL,CHOICE_EVT_F01_CULTIST_FUNERAL_GREET_POLITELY,168,"...형제님은 지금 형제님은 지금 저희가 안녕 해 보이십니까?''슬픔을 나누기에도 부족한 당 상황에 어찌 그런...!' 주변 사교도 들의 웅성거림에 당혹감을 감추지 못하고, 자리를 박차고 도망쳤다. 몇몇 사교도들이 쫓아왔으나 생각보다 쉽게 뿌리칠 수 있었다.",,,
CHOICE_EVT_F01_CULTIST_FUNERAL_BURN_INCENSE_TEXT,choiceLabel,EVT_F01_CULTIST_FUNERAL,CHOICE_EVT_F01_CULTIST_FUNERAL_BURN_INCENSE,169,분향 한다,,,
CHOICE_EVT_F01_CULTIST_FUNERAL_BURN_INCENSE_RESULT,resultText,EVT_F01_CULTIST_FUNERAL,CHOICE_EVT_F01_CULTIST_FUNERAL_BURN_INCENSE,169,"... 그 순서가 아닐텐데요  형제님?''아니, 애초에 형제가 맞긴 한가?''아니다! 이단이다!! 이 자는 우리의 형제가 아니다!!!' 주변 사교도 들의 웅성거림에 당혹감을 감추지 못하고, 자리를 박차고 도망쳤다. 몇몇 사교도들이 쫓아왔으나 생각보다 쉽게 뿌리칠 수 있었다.",,,
CHOICE_EVT_F01_CULTIST_FUNERAL_OFFER_FLOWERS_TEXT,choiceLabel,EVT_F01_CULTIST_FUNERAL,CHOICE_EVT_F01_CULTIST_FUNERAL_OFFER_FLOWERS,170,헌화 한다,,,
CHOICE_EVT_F01_CULTIST_FUNERAL_OFFER_FLOWERS_RESULT,resultText,EVT_F01_CULTIST_FUNERAL,CHOICE_EVT_F01_CULTIST_FUNERAL_OFFER_FLOWERS,170,"... 그 순서가 아닐텐데요  형제님?''아니, 애초에 형제가 맞긴 한가?''아니다! 이단이다!! 이 자는 우리의 형제가 아니다!!!' 주변 사교도 들의 웅성거림에 당혹감을 감추지 못하고, 자리를 박차고 도망쳤다. 몇몇 사교도들이 쫓아왔으나 생각보다 쉽게 뿌리칠 수 있었다.",,,
CHOICE_EVT_F01_CULTIST_FUNERAL_BOW_TEXT,choiceLabel,EVT_F01_CULTIST_FUNERAL,CHOICE_EVT_F01_CULTIST_FUNERAL_BOW,171,절 한다,,,
CHOICE_EVT_F01_CULTIST_FUNERAL_BOW_RESULT,resultText,EVT_F01_CULTIST_FUNERAL,CHOICE_EVT_F01_CULTIST_FUNERAL_BOW,171,,,,
CHOICE_EVT_F01_CULTIST_FUNERAL_ONE_TEXT,choiceLabel,EVT_F01_CULTIST_FUNERAL,CHOICE_EVT_F01_CULTIST_FUNERAL_ONE,172,1번,,,
CHOICE_EVT_F01_CULTIST_FUNERAL_ONE_RESULT,resultText,EVT_F01_CULTIST_FUNERAL,CHOICE_EVT_F01_CULTIST_FUNERAL_ONE,172,"...?''형제님 그게 맞습니까?''아니, 애초에 형제가 맞긴 한가?''아니다! 이단이다!! 이 자는 우리의 형제가 아니다!!!' 주변 사교도 들의 웅성거림에 당혹감을 감추지 못하고, 자리를 박차고 도망쳤다. 몇몇 사교도들이 쫓아왔으나 생각보다 쉽게 뿌리칠 수 있었다.",,,
CHOICE_EVT_F01_CULTIST_FUNERAL_TWO_TEXT,choiceLabel,EVT_F01_CULTIST_FUNERAL,CHOICE_EVT_F01_CULTIST_FUNERAL_TWO,173,2번,,,
CHOICE_EVT_F01_CULTIST_FUNERAL_TWO_RESULT,resultText,EVT_F01_CULTIST_FUNERAL,CHOICE_EVT_F01_CULTIST_FUNERAL_TWO,173,,,,
CHOICE_EVT_F01_CULTIST_FUNERAL_THREE_TEXT,choiceLabel,EVT_F01_CULTIST_FUNERAL,CHOICE_EVT_F01_CULTIST_FUNERAL_THREE,174,3번,,,
CHOICE_EVT_F01_CULTIST_FUNERAL_THREE_RESULT,resultText,EVT_F01_CULTIST_FUNERAL,CHOICE_EVT_F01_CULTIST_FUNERAL_THREE,174,"...?''형제님 그게 맞습니까?''아니, 애초에 형제가 맞긴 한가?''아니다! 이단이다!! 이 자는 우리의 형제가 아니다!!!' 주변 사교도 들의 웅성거림에 당혹감을 감추지 못하고, 자리를 박차고 도망쳤다. 몇몇 사교도들이 쫓아왔으나 생각보다 쉽게 뿌리칠 수 있었다.",,,
CHOICE_EVT_F01_CULTIST_FUNERAL_SHAKE_HANDS_TEXT,choiceLabel,EVT_F01_CULTIST_FUNERAL,CHOICE_EVT_F01_CULTIST_FUNERAL_SHAKE_HANDS,175,상주와 악수한다,,,
CHOICE_EVT_F01_CULTIST_FUNERAL_SHAKE_HANDS_RESULT,resultText,EVT_F01_CULTIST_FUNERAL,CHOICE_EVT_F01_CULTIST_FUNERAL_SHAKE_HANDS,175,"이 무슨 무례한...!''미쳤습니까 형제님?''예법조차 모르다니... 아니, 이 자. 형제가 아니다!''이단이다!! 이 자는 우리의 형제가 아니다!!!' 주변 사교도 들의 웅성거림에 당혹감을 감추지 못하고, 자리를 박차고 도망쳤다. 몇몇 사교도들이 쫓아왔으나 생각보다 쉽게 뿌리칠 수 있었다.",,,
CHOICE_EVT_F01_CULTIST_FUNERAL_BOW_TO_MOURNER_TEXT,choiceLabel,EVT_F01_CULTIST_FUNERAL,CHOICE_EVT_F01_CULTIST_FUNERAL_BOW_TO_MOURNER,176,상주에게 절 한다,,,
CHOICE_EVT_F01_CULTIST_FUNERAL_BOW_TO_MOURNER_RESULT,resultText,EVT_F01_CULTIST_FUNERAL,CHOICE_EVT_F01_CULTIST_FUNERAL_BOW_TO_MOURNER,176,,,,
CHOICE_EVT_F01_CULTIST_FUNERAL_EMBRACE_MOURNER_TEXT,choiceLabel,EVT_F01_CULTIST_FUNERAL,CHOICE_EVT_F01_CULTIST_FUNERAL_EMBRACE_MOURNER,177,상주를 껴안는다,,,
CHOICE_EVT_F01_CULTIST_FUNERAL_EMBRACE_MOURNER_RESULT,resultText,EVT_F01_CULTIST_FUNERAL,CHOICE_EVT_F01_CULTIST_FUNERAL_EMBRACE_MOURNER,177,"이 무슨 무례한...!''미쳤습니까 형제님?''예법조차 모르다니... 아니, 이 자. 형제가 아니다!''이단이다!! 이 자는 우리의 형제가 아니다!!!' 주변 사교도 들의 웅성거림에 당혹감을 감추지 못하고, 자리를 박차고 도망쳤다. 몇몇 사교도들이 쫓아왔으나 생각보다 쉽게 뿌리칠 수 있었다.",,,
CHOICE_EVT_F01_CULTIST_FUNERAL_ONE_R178_TEXT,choiceLabel,EVT_F01_CULTIST_FUNERAL,CHOICE_EVT_F01_CULTIST_FUNERAL_ONE_R178,178,1번,,,
CHOICE_EVT_F01_CULTIST_FUNERAL_ONE_R178_RESULT,resultText,EVT_F01_CULTIST_FUNERAL,CHOICE_EVT_F01_CULTIST_FUNERAL_ONE_R178,178,,,,
CHOICE_EVT_F01_CULTIST_FUNERAL_TWO_R179_TEXT,choiceLabel,EVT_F01_CULTIST_FUNERAL,CHOICE_EVT_F01_CULTIST_FUNERAL_TWO_R179,179,2번,,,
CHOICE_EVT_F01_CULTIST_FUNERAL_TWO_R179_RESULT,resultText,EVT_F01_CULTIST_FUNERAL,CHOICE_EVT_F01_CULTIST_FUNERAL_TWO_R179,179,"아니 미쳤습니까 형제님?''멀쩡한 자에게 어찌...!''더 살아 무엇하리!''아아... 신성한 무샤-랔사 여...' ... 주변의 눈치를 보아하니 이것이 아닌 듯 하다. 곧이어 이어진 주변 사교도 들의 웅성거림에 당혹감을 감추지 못하고, 자리를 박차고 도망쳤다. 몇몇 사교도들이 쫓아왔으나 생각보다 쉽게 뿌리칠 수 있었다.",,,
CHOICE_EVT_F01_CULTIST_FUNERAL_THREE_R180_TEXT,choiceLabel,EVT_F01_CULTIST_FUNERAL,CHOICE_EVT_F01_CULTIST_FUNERAL_THREE_R180,180,3번,,,
CHOICE_EVT_F01_CULTIST_FUNERAL_THREE_R180_RESULT,resultText,EVT_F01_CULTIST_FUNERAL,CHOICE_EVT_F01_CULTIST_FUNERAL_THREE_R180,180,"...?''형제님 그게 맞습니까?''아니, 애초에 형제가 맞긴 한가?''아니다! 이단이다!! 이 자는 우리의 형제가 아니다!!!' 주변 사교도 들의 웅성거림에 당혹감을 감추지 못하고, 자리를 박차고 도망쳤다. 몇몇 사교도들이 쫓아왔으나 생각보다 쉽게 뿌리칠 수 있었다.",,,
